CLM_DTL_ID,CLM_STS_ID,CLM_STS_CD,CLM_STS_START_DT,CLM_STS_END_DT
1,10001,Pending,2016-01-03 00:00:00,2016-01-06 00:00:00
1,10002,Declined,2016-01-07 00:00:00,
2,10003,Pending,2018-10-13 00:00:00,2018-10-14 00:00:00
2,10004,Accepted,2018-10-15 00:00:00,
3,10005,Pending,2017-12-18 00:00:00,2017-12-21 00:00:00
3,10006,Declined,2017-12-22 00:00:00,
4,10007,Pending,2019-08-25 00:00:00,2019-08-26 00:00:00
4,10008,Accepted,2019-08-27 00:00:00,
5,10009,Pending,2006-01-02 00:00:00,2006-01-05 00:00:00
5,10010,Declined,2006-01-06 00:00:00,
6,10011,Pending,2013-12-09 00:00:00,2013-12-12 00:00:00
6,10012,Accepted,2013-12-13 00:00:00,
7,10013,Pending,2017-08-07 00:00:00,2017-08-10 00:00:00
7,10014,Accepted,2017-08-11 00:00:00,
8,10015,Pending,2015-12-12 00:00:00,2015-12-16 00:00:00
8,10016,Accepted,2015-12-17 00:00:00,
9,10017,Pending,2014-08-25 00:00:00,2014-08-29 00:00:00
9,10018,Declined,2014-08-30 00:00:00,
10,10019,Pending,2006-03-24 00:00:00,2006-03-28 00:00:00
10,10020,Accepted,2006-03-29 00:00:00,
11,10021,Pending,2014-10-26 00:00:00,2014-10-28 00:00:00
11,10022,Accepted,2014-10-29 00:00:00,
12,10023,Pending,2013-04-22 00:00:00,2013-04-24 00:00:00
12,10024,Declined,2013-04-25 00:00:00,
13,10025,Pending,2009-04-21 00:00:00,2009-04-25 00:00:00
13,10026,Declined,2009-04-26 00:00:00,
14,10027,Pending,2007-08-25 00:00:00,2007-08-27 00:00:00
14,10028,Declined,2007-08-28 00:00:00,
15,10029,Pending,2011-12-24 00:00:00,2011-12-28 00:00:00
15,10030,Declined,2011-12-29 00:00:00,
16,10031,Pending,2009-04-17 00:00:00,2009-04-18 00:00:00
16,10032,Accepted,2009-04-19 00:00:00,
17,10033,Pending,2009-05-19 00:00:00,2009-05-23 00:00:00
17,10034,Declined,2009-05-24 00:00:00,
18,10035,Pending,2010-07-14 00:00:00,2010-07-16 00:00:00
18,10036,Accepted,2010-07-17 00:00:00,
19,10037,Pending,2015-02-26 00:00:00,2015-03-02 00:00:00
19,10038,Accepted,2015-03-03 00:00:00,
20,10039,Pending,2019-10-01 00:00:00,2019-10-02 00:00:00
20,10040,Accepted,2019-10-03 00:00:00,
21,10041,Pending,2021-06-03 00:00:00,2021-06-06 00:00:00
21,10042,Accepted,2021-06-07 00:00:00,
22,10043,Pending,2021-12-06 00:00:00,2021-12-08 00:00:00
22,10044,Declined,2021-12-09 00:00:00,
23,10045,Pending,2018-03-22 00:00:00,2018-03-26 00:00:00
23,10046,Declined,2018-03-27 00:00:00,
24,10047,Pending,2011-08-27 00:00:00,2011-08-31 00:00:00
24,10048,Accepted,2011-09-01 00:00:00,
25,10049,Pending,2010-04-08 00:00:00,2010-04-10 00:00:00
25,10050,Declined,2010-04-11 00:00:00,
26,10051,Pending,2022-08-04 00:00:00,2022-08-07 00:00:00
26,10052,Declined,2022-08-08 00:00:00,
27,10053,Pending,2011-08-25 00:00:00,2011-08-28 00:00:00
27,10054,Declined,2011-08-29 00:00:00,
28,10055,Pending,2020-08-13 00:00:00,2020-08-16 00:00:00
28,10056,Declined,2020-08-17 00:00:00,
29,10057,Pending,2008-01-12 00:00:00,2008-01-16 00:00:00
29,10058,Accepted,2008-01-17 00:00:00,
30,10059,Pending,2021-06-11 00:00:00,2021-06-14 00:00:00
30,10060,Accepted,2021-06-15 00:00:00,
31,10061,Pending,2009-05-03 00:00:00,2009-05-06 00:00:00
31,10062,Accepted,2009-05-07 00:00:00,
32,10063,Pending,2021-03-27 00:00:00,2021-03-28 00:00:00
32,10064,Accepted,2021-03-29 00:00:00,
33,10065,Pending,2022-11-08 00:00:00,2022-11-11 00:00:00
33,10066,Declined,2022-11-12 00:00:00,
34,10067,Pending,2016-12-15 00:00:00,2016-12-19 00:00:00
34,10068,Accepted,2016-12-20 00:00:00,
35,10069,Pending,2019-09-10 00:00:00,2019-09-14 00:00:00
35,10070,Declined,2019-09-15 00:00:00,
36,10071,Pending,2020-10-02 00:00:00,2020-10-04 00:00:00
36,10072,Declined,2020-10-05 00:00:00,
37,10073,Pending,2013-08-13 00:00:00,2013-08-14 00:00:00
37,10074,Declined,2013-08-15 00:00:00,
38,10075,Pending,2021-01-16 00:00:00,2021-01-17 00:00:00
38,10076,Declined,2021-01-18 00:00:00,
39,10077,Pending,2007-01-29 00:00:00,2007-02-02 00:00:00
39,10078,Declined,2007-02-03 00:00:00,
40,10079,Pending,2006-03-29 00:00:00,2006-04-01 00:00:00
40,10080,Declined,2006-04-02 00:00:00,
41,10081,Pending,2019-02-16 00:00:00,2019-02-19 00:00:00
41,10082,Declined,2019-02-20 00:00:00,
42,10083,Pending,2019-02-20 00:00:00,2019-02-21 00:00:00
42,10084,Declined,2019-02-22 00:00:00,
43,10085,Pending,2006-04-11 00:00:00,2006-04-14 00:00:00
43,10086,Accepted,2006-04-15 00:00:00,
44,10087,Pending,2016-07-22 00:00:00,2016-07-24 00:00:00
44,10088,Accepted,2016-07-25 00:00:00,
45,10089,Pending,2022-08-02 00:00:00,2022-08-06 00:00:00
45,10090,Declined,2022-08-07 00:00:00,
46,10091,Pending,2006-02-26 00:00:00,2006-03-02 00:00:00
46,10092,Declined,2006-03-03 00:00:00,
47,10093,Pending,2023-12-20 00:00:00,2023-12-22 00:00:00
47,10094,Declined,2023-12-23 00:00:00,
48,10095,Pending,2015-02-09 00:00:00,2015-02-11 00:00:00
48,10096,Declined,2015-02-12 00:00:00,
49,10097,Pending,2017-12-25 00:00:00,2017-12-27 00:00:00
49,10098,Declined,2017-12-28 00:00:00,
50,10099,Pending,2023-05-26 00:00:00,2023-05-28 00:00:00
50,10100,Accepted,2023-05-29 00:00:00,
51,10101,Pending,2011-02-25 00:00:00,2011-02-28 00:00:00
51,10102,Declined,2011-03-01 00:00:00,
52,10103,Pending,2006-06-02 00:00:00,2006-06-04 00:00:00
52,10104,Declined,2006-06-05 00:00:00,
53,10105,Pending,2013-02-21 00:00:00,2013-02-23 00:00:00
53,10106,Declined,2013-02-24 00:00:00,
54,10107,Pending,2009-07-25 00:00:00,2009-07-27 00:00:00
54,10108,Declined,2009-07-28 00:00:00,
55,10109,Pending,2015-12-11 00:00:00,2015-12-13 00:00:00
55,10110,Accepted,2015-12-14 00:00:00,
56,10111,Pending,2013-09-05 00:00:00,2013-09-09 00:00:00
56,10112,Accepted,2013-09-10 00:00:00,
57,10113,Pending,2006-11-06 00:00:00,2006-11-10 00:00:00
57,10114,Declined,2006-11-11 00:00:00,
58,10115,Pending,2023-02-12 00:00:00,2023-02-15 00:00:00
58,10116,Declined,2023-02-16 00:00:00,
59,10117,Pending,2024-04-28 00:00:00,2024-04-29 00:00:00
59,10118,Declined,2024-04-30 00:00:00,
60,10119,Pending,2022-03-03 00:00:00,2022-03-07 00:00:00
60,10120,Accepted,2022-03-08 00:00:00,
61,10121,Pending,2018-12-12 00:00:00,2018-12-16 00:00:00
61,10122,Accepted,2018-12-17 00:00:00,
62,10123,Pending,2013-01-10 00:00:00,2013-01-12 00:00:00
62,10124,Accepted,2013-01-13 00:00:00,
63,10125,Pending,2012-09-24 00:00:00,2012-09-25 00:00:00
63,10126,Declined,2012-09-26 00:00:00,
64,10127,Pending,2018-08-12 00:00:00,2018-08-14 00:00:00
64,10128,Accepted,2018-08-15 00:00:00,
65,10129,Pending,2008-02-11 00:00:00,2008-02-15 00:00:00
65,10130,Declined,2008-02-16 00:00:00,
66,10131,Pending,2014-08-03 00:00:00,2014-08-07 00:00:00
66,10132,Accepted,2014-08-08 00:00:00,
67,10133,Pending,2007-11-24 00:00:00,2007-11-25 00:00:00
67,10134,Accepted,2007-11-26 00:00:00,
68,10135,Pending,2023-12-04 00:00:00,2023-12-07 00:00:00
68,10136,Accepted,2023-12-08 00:00:00,
69,10137,Pending,2018-08-25 00:00:00,2018-08-26 00:00:00
69,10138,Accepted,2018-08-27 00:00:00,
70,10139,Pending,2012-04-11 00:00:00,2012-04-14 00:00:00
70,10140,Accepted,2012-04-15 00:00:00,
71,10141,Pending,2007-10-18 00:00:00,2007-10-22 00:00:00
71,10142,Accepted,2007-10-23 00:00:00,
72,10143,Pending,2022-12-16 00:00:00,2022-12-20 00:00:00
72,10144,Declined,2022-12-21 00:00:00,
73,10145,Pending,2010-06-05 00:00:00,2010-06-09 00:00:00
73,10146,Accepted,2010-06-10 00:00:00,
74,10147,Pending,2015-01-02 00:00:00,2015-01-05 00:00:00
74,10148,Accepted,2015-01-06 00:00:00,
75,10149,Pending,2016-02-03 00:00:00,2016-02-04 00:00:00
75,10150,Declined,2016-02-05 00:00:00,
76,10151,Pending,2011-10-04 00:00:00,2011-10-07 00:00:00
76,10152,Accepted,2011-10-08 00:00:00,
77,10153,Pending,2013-03-18 00:00:00,2013-03-19 00:00:00
77,10154,Accepted,2013-03-20 00:00:00,
78,10155,Pending,2006-07-22 00:00:00,2006-07-23 00:00:00
78,10156,Declined,2006-07-24 00:00:00,
79,10157,Pending,2013-06-16 00:00:00,2013-06-19 00:00:00
79,10158,Declined,2013-06-20 00:00:00,
80,10159,Pending,2022-08-09 00:00:00,2022-08-10 00:00:00
80,10160,Declined,2022-08-11 00:00:00,
81,10161,Pending,2023-07-30 00:00:00,2023-08-02 00:00:00
81,10162,Accepted,2023-08-03 00:00:00,
82,10163,Pending,2014-01-31 00:00:00,2014-02-04 00:00:00
82,10164,Declined,2014-02-05 00:00:00,
83,10165,Pending,2012-01-05 00:00:00,2012-01-07 00:00:00
83,10166,Accepted,2012-01-08 00:00:00,
84,10167,Pending,2006-04-20 00:00:00,2006-04-24 00:00:00
84,10168,Accepted,2006-04-25 00:00:00,
85,10169,Pending,2010-09-02 00:00:00,2010-09-05 00:00:00
85,10170,Declined,2010-09-06 00:00:00,
86,10171,Pending,2017-04-12 00:00:00,2017-04-16 00:00:00
86,10172,Accepted,2017-04-17 00:00:00,
87,10173,Pending,2010-07-07 00:00:00,2010-07-10 00:00:00
87,10174,Declined,2010-07-11 00:00:00,
88,10175,Pending,2013-11-01 00:00:00,2013-11-05 00:00:00
88,10176,Declined,2013-11-06 00:00:00,
89,10177,Pending,2019-05-29 00:00:00,2019-06-01 00:00:00
89,10178,Accepted,2019-06-02 00:00:00,
90,10179,Pending,2020-10-30 00:00:00,2020-10-31 00:00:00
90,10180,Accepted,2020-11-01 00:00:00,
91,10181,Pending,2019-08-30 00:00:00,2019-08-31 00:00:00
91,10182,Accepted,2019-09-01 00:00:00,
92,10183,Pending,2024-11-11 00:00:00,2024-11-13 00:00:00
92,10184,Accepted,2024-11-14 00:00:00,
93,10185,Pending,2022-09-12 00:00:00,2022-09-13 00:00:00
93,10186,Accepted,2022-09-14 00:00:00,
94,10187,Pending,2023-02-01 00:00:00,2023-02-03 00:00:00
94,10188,Accepted,2023-02-04 00:00:00,
95,10189,Pending,2017-10-15 00:00:00,2017-10-18 00:00:00
95,10190,Declined,2017-10-19 00:00:00,
96,10191,Pending,2021-06-19 00:00:00,2021-06-22 00:00:00
96,10192,Accepted,2021-06-23 00:00:00,
97,10193,Pending,2011-04-23 00:00:00,2011-04-24 00:00:00
97,10194,Accepted,2011-04-25 00:00:00,
98,10195,Pending,2024-03-31 00:00:00,2024-04-03 00:00:00
98,10196,Declined,2024-04-04 00:00:00,
99,10197,Pending,2018-06-15 00:00:00,2018-06-17 00:00:00
99,10198,Declined,2018-06-18 00:00:00,
100,10199,Pending,2008-08-29 00:00:00,2008-08-30 00:00:00
100,10200,Accepted,2008-08-31 00:00:00,
101,10201,Pending,2012-10-15 00:00:00,2012-10-18 00:00:00
101,10202,Declined,2012-10-19 00:00:00,
102,10203,Pending,2016-07-21 00:00:00,2016-07-24 00:00:00
102,10204,Accepted,2016-07-25 00:00:00,
103,10205,Pending,2015-09-27 00:00:00,2015-10-01 00:00:00
103,10206,Accepted,2015-10-02 00:00:00,
104,10207,Pending,2014-02-24 00:00:00,2014-02-28 00:00:00
104,10208,Declined,2014-03-01 00:00:00,
105,10209,Pending,2017-02-12 00:00:00,2017-02-14 00:00:00
105,10210,Accepted,2017-02-15 00:00:00,
106,10211,Pending,2012-07-24 00:00:00,2012-07-27 00:00:00
106,10212,Accepted,2012-07-28 00:00:00,
107,10213,Pending,2020-01-20 00:00:00,2020-01-21 00:00:00
107,10214,Accepted,2020-01-22 00:00:00,
108,10215,Pending,2020-09-20 00:00:00,2020-09-23 00:00:00
108,10216,Accepted,2020-09-24 00:00:00,
109,10217,Pending,2017-06-12 00:00:00,2017-06-16 00:00:00
109,10218,Accepted,2017-06-17 00:00:00,
110,10219,Pending,2009-01-01 00:00:00,2009-01-05 00:00:00
110,10220,Accepted,2009-01-06 00:00:00,
111,10221,Pending,2011-06-29 00:00:00,2011-07-02 00:00:00
111,10222,Accepted,2011-07-03 00:00:00,
112,10223,Pending,2021-12-28 00:00:00,2021-12-30 00:00:00
112,10224,Declined,2021-12-31 00:00:00,
113,10225,Pending,2010-01-05 00:00:00,2010-01-07 00:00:00
113,10226,Declined,2010-01-08 00:00:00,
114,10227,Pending,2008-04-20 00:00:00,2008-04-21 00:00:00
114,10228,Declined,2008-04-22 00:00:00,
115,10229,Pending,2021-02-24 00:00:00,2021-02-25 00:00:00
115,10230,Accepted,2021-02-26 00:00:00,
116,10231,Pending,2010-08-29 00:00:00,2010-08-31 00:00:00
116,10232,Declined,2010-09-01 00:00:00,
117,10233,Pending,2016-10-28 00:00:00,2016-11-01 00:00:00
117,10234,Declined,2016-11-02 00:00:00,
118,10235,Pending,2022-03-23 00:00:00,2022-03-27 00:00:00
118,10236,Declined,2022-03-28 00:00:00,
119,10237,Pending,2019-02-15 00:00:00,2019-02-17 00:00:00
119,10238,Declined,2019-02-18 00:00:00,
120,10239,Pending,2009-08-19 00:00:00,2009-08-22 00:00:00
120,10240,Declined,2009-08-23 00:00:00,
121,10241,Pending,2023-08-10 00:00:00,2023-08-12 00:00:00
121,10242,Accepted,2023-08-13 00:00:00,
122,10243,Pending,2016-09-17 00:00:00,2016-09-21 00:00:00
122,10244,Accepted,2016-09-22 00:00:00,
123,10245,Pending,2013-07-11 00:00:00,2013-07-14 00:00:00
123,10246,Declined,2013-07-15 00:00:00,
124,10247,Pending,2016-09-08 00:00:00,2016-09-09 00:00:00
124,10248,Accepted,2016-09-10 00:00:00,
125,10249,Pending,2016-07-29 00:00:00,2016-07-30 00:00:00
125,10250,Accepted,2016-07-31 00:00:00,
126,10251,Pending,2006-09-19 00:00:00,2006-09-21 00:00:00
126,10252,Accepted,2006-09-22 00:00:00,
127,10253,Pending,2022-02-24 00:00:00,2022-02-28 00:00:00
127,10254,Accepted,2022-03-01 00:00:00,
128,10255,Pending,2006-05-13 00:00:00,2006-05-14 00:00:00
128,10256,Accepted,2006-05-15 00:00:00,
129,10257,Pending,2021-02-23 00:00:00,2021-02-26 00:00:00
129,10258,Declined,2021-02-27 00:00:00,
130,10259,Pending,2006-01-26 00:00:00,2006-01-30 00:00:00
130,10260,Accepted,2006-01-31 00:00:00,
131,10261,Pending,2020-10-15 00:00:00,2020-10-16 00:00:00
131,10262,Declined,2020-10-17 00:00:00,
132,10263,Pending,2021-06-18 00:00:00,2021-06-19 00:00:00
132,10264,Accepted,2021-06-20 00:00:00,
133,10265,Pending,2022-08-31 00:00:00,2022-09-03 00:00:00
133,10266,Declined,2022-09-04 00:00:00,
134,10267,Pending,2006-12-04 00:00:00,2006-12-08 00:00:00
134,10268,Declined,2006-12-09 00:00:00,
135,10269,Pending,2019-04-18 00:00:00,2019-04-21 00:00:00
135,10270,Accepted,2019-04-22 00:00:00,
136,10271,Pending,2012-06-22 00:00:00,2012-06-24 00:00:00
136,10272,Declined,2012-06-25 00:00:00,
137,10273,Pending,2019-04-02 00:00:00,2019-04-06 00:00:00
137,10274,Declined,2019-04-07 00:00:00,
138,10275,Pending,2021-01-17 00:00:00,2021-01-18 00:00:00
138,10276,Declined,2021-01-19 00:00:00,
139,10277,Pending,2013-04-11 00:00:00,2013-04-12 00:00:00
139,10278,Declined,2013-04-13 00:00:00,
140,10279,Pending,2009-07-14 00:00:00,2009-07-15 00:00:00
140,10280,Declined,2009-07-16 00:00:00,
141,10281,Pending,2010-06-16 00:00:00,2010-06-20 00:00:00
141,10282,Declined,2010-06-21 00:00:00,
142,10283,Pending,2017-06-13 00:00:00,2017-06-15 00:00:00
142,10284,Accepted,2017-06-16 00:00:00,
143,10285,Pending,2011-01-26 00:00:00,2011-01-28 00:00:00
143,10286,Accepted,2011-01-29 00:00:00,
144,10287,Pending,2012-06-07 00:00:00,2012-06-08 00:00:00
144,10288,Accepted,2012-06-09 00:00:00,
145,10289,Pending,2023-04-26 00:00:00,2023-04-27 00:00:00
145,10290,Declined,2023-04-28 00:00:00,
146,10291,Pending,2024-05-26 00:00:00,2024-05-27 00:00:00
146,10292,Accepted,2024-05-28 00:00:00,
147,10293,Pending,2014-08-24 00:00:00,2014-08-25 00:00:00
147,10294,Declined,2014-08-26 00:00:00,
148,10295,Pending,2007-03-09 00:00:00,2007-03-11 00:00:00
148,10296,Declined,2007-03-12 00:00:00,
149,10297,Pending,2017-04-23 00:00:00,2017-04-25 00:00:00
149,10298,Accepted,2017-04-26 00:00:00,
150,10299,Pending,2019-10-08 00:00:00,2019-10-09 00:00:00
150,10300,Declined,2019-10-10 00:00:00,
151,10301,Pending,2015-10-02 00:00:00,2015-10-03 00:00:00
151,10302,Accepted,2015-10-04 00:00:00,
152,10303,Pending,2012-07-21 00:00:00,2012-07-24 00:00:00
152,10304,Declined,2012-07-25 00:00:00,
153,10305,Pending,2017-06-17 00:00:00,2017-06-19 00:00:00
153,10306,Accepted,2017-06-20 00:00:00,
154,10307,Pending,2014-04-14 00:00:00,2014-04-18 00:00:00
154,10308,Declined,2014-04-19 00:00:00,
155,10309,Pending,2022-06-14 00:00:00,2022-06-18 00:00:00
155,10310,Declined,2022-06-19 00:00:00,
156,10311,Pending,2011-11-02 00:00:00,2011-11-06 00:00:00
156,10312,Accepted,2011-11-07 00:00:00,
157,10313,Pending,2008-04-23 00:00:00,2008-04-27 00:00:00
157,10314,Accepted,2008-04-28 00:00:00,
158,10315,Pending,2021-06-21 00:00:00,2021-06-24 00:00:00
158,10316,Declined,2021-06-25 00:00:00,
159,10317,Pending,2008-10-04 00:00:00,2008-10-07 00:00:00
159,10318,Accepted,2008-10-08 00:00:00,
160,10319,Pending,2023-08-17 00:00:00,2023-08-20 00:00:00
160,10320,Declined,2023-08-21 00:00:00,
161,10321,Pending,2013-03-06 00:00:00,2013-03-10 00:00:00
161,10322,Accepted,2013-03-11 00:00:00,
162,10323,Pending,2018-03-04 00:00:00,2018-03-08 00:00:00
162,10324,Declined,2018-03-09 00:00:00,
163,10325,Pending,2024-03-06 00:00:00,2024-03-08 00:00:00
163,10326,Declined,2024-03-09 00:00:00,
164,10327,Pending,2013-12-23 00:00:00,2013-12-26 00:00:00
164,10328,Accepted,2013-12-27 00:00:00,
165,10329,Pending,2024-08-30 00:00:00,2024-09-03 00:00:00
165,10330,Declined,2024-09-04 00:00:00,
166,10331,Pending,2016-03-13 00:00:00,2016-03-14 00:00:00
166,10332,Accepted,2016-03-15 00:00:00,
167,10333,Pending,2021-12-03 00:00:00,2021-12-07 00:00:00
167,10334,Accepted,2021-12-08 00:00:00,
168,10335,Pending,2019-09-26 00:00:00,2019-09-28 00:00:00
168,10336,Declined,2019-09-29 00:00:00,
169,10337,Pending,2007-12-07 00:00:00,2007-12-08 00:00:00
169,10338,Accepted,2007-12-09 00:00:00,
170,10339,Pending,2012-01-07 00:00:00,2012-01-11 00:00:00
170,10340,Declined,2012-01-12 00:00:00,
171,10341,Pending,2012-05-02 00:00:00,2012-05-05 00:00:00
171,10342,Declined,2012-05-06 00:00:00,
172,10343,Pending,2024-06-14 00:00:00,2024-06-17 00:00:00
172,10344,Declined,2024-06-18 00:00:00,
173,10345,Pending,2009-11-07 00:00:00,2009-11-10 00:00:00
173,10346,Accepted,2009-11-11 00:00:00,
174,10347,Pending,2008-09-26 00:00:00,2008-09-29 00:00:00
174,10348,Declined,2008-09-30 00:00:00,
175,10349,Pending,2011-05-08 00:00:00,2011-05-12 00:00:00
175,10350,Accepted,2011-05-13 00:00:00,
176,10351,Pending,2024-01-30 00:00:00,2024-02-03 00:00:00
176,10352,Accepted,2024-02-04 00:00:00,
177,10353,Pending,2010-10-27 00:00:00,2010-10-28 00:00:00
177,10354,Declined,2010-10-29 00:00:00,
178,10355,Pending,2006-11-23 00:00:00,2006-11-27 00:00:00
178,10356,Accepted,2006-11-28 00:00:00,
179,10357,Pending,2022-06-24 00:00:00,2022-06-26 00:00:00
179,10358,Declined,2022-06-27 00:00:00,
180,10359,Pending,2011-03-31 00:00:00,2011-04-01 00:00:00
180,10360,Accepted,2011-04-02 00:00:00,
181,10361,Pending,2024-06-18 00:00:00,2024-06-22 00:00:00
181,10362,Accepted,2024-06-23 00:00:00,
182,10363,Pending,2024-04-02 00:00:00,2024-04-03 00:00:00
182,10364,Declined,2024-04-04 00:00:00,
183,10365,Pending,2012-10-07 00:00:00,2012-10-10 00:00:00
183,10366,Accepted,2012-10-11 00:00:00,
184,10367,Pending,2012-01-16 00:00:00,2012-01-18 00:00:00
184,10368,Declined,2012-01-19 00:00:00,
185,10369,Pending,2008-09-28 00:00:00,2008-10-01 00:00:00
185,10370,Accepted,2008-10-02 00:00:00,
186,10371,Pending,2012-03-06 00:00:00,2012-03-10 00:00:00
186,10372,Declined,2012-03-11 00:00:00,
187,10373,Pending,2021-12-24 00:00:00,2021-12-26 00:00:00
187,10374,Declined,2021-12-27 00:00:00,
188,10375,Pending,2013-02-07 00:00:00,2013-02-08 00:00:00
188,10376,Declined,2013-02-09 00:00:00,
189,10377,Pending,2020-06-05 00:00:00,2020-06-09 00:00:00
189,10378,Accepted,2020-06-10 00:00:00,
190,10379,Pending,2023-02-18 00:00:00,2023-02-20 00:00:00
190,10380,Accepted,2023-02-21 00:00:00,
191,10381,Pending,2009-05-22 00:00:00,2009-05-26 00:00:00
191,10382,Declined,2009-05-27 00:00:00,
192,10383,Pending,2013-06-25 00:00:00,2013-06-29 00:00:00
192,10384,Accepted,2013-06-30 00:00:00,
193,10385,Pending,2022-03-14 00:00:00,2022-03-15 00:00:00
193,10386,Declined,2022-03-16 00:00:00,
194,10387,Pending,2017-11-03 00:00:00,2017-11-06 00:00:00
194,10388,Accepted,2017-11-07 00:00:00,
195,10389,Pending,2017-11-23 00:00:00,2017-11-24 00:00:00
195,10390,Accepted,2017-11-25 00:00:00,
196,10391,Pending,2009-02-26 00:00:00,2009-03-01 00:00:00
196,10392,Accepted,2009-03-02 00:00:00,
197,10393,Pending,2019-08-21 00:00:00,2019-08-25 00:00:00
197,10394,Declined,2019-08-26 00:00:00,
198,10395,Pending,2016-05-12 00:00:00,2016-05-15 00:00:00
198,10396,Declined,2016-05-16 00:00:00,
199,10397,Pending,2011-05-10 00:00:00,2011-05-14 00:00:00
199,10398,Declined,2011-05-15 00:00:00,
200,10399,Pending,2021-05-27 00:00:00,2021-05-31 00:00:00
200,10400,Accepted,2021-06-01 00:00:00,
201,10401,Pending,2006-09-18 00:00:00,2006-09-22 00:00:00
201,10402,Declined,2006-09-23 00:00:00,
202,10403,Pending,2017-03-28 00:00:00,2017-03-31 00:00:00
202,10404,Accepted,2017-04-01 00:00:00,
203,10405,Pending,2015-06-22 00:00:00,2015-06-26 00:00:00
203,10406,Declined,2015-06-27 00:00:00,
204,10407,Pending,2007-08-25 00:00:00,2007-08-27 00:00:00
204,10408,Declined,2007-08-28 00:00:00,
205,10409,Pending,2010-02-26 00:00:00,2010-03-02 00:00:00
205,10410,Declined,2010-03-03 00:00:00,
206,10411,Pending,2007-07-02 00:00:00,2007-07-05 00:00:00
206,10412,Declined,2007-07-06 00:00:00,
207,10413,Pending,2018-11-25 00:00:00,2018-11-27 00:00:00
207,10414,Accepted,2018-11-28 00:00:00,
208,10415,Pending,2018-10-29 00:00:00,2018-11-01 00:00:00
208,10416,Accepted,2018-11-02 00:00:00,
209,10417,Pending,2017-09-03 00:00:00,2017-09-04 00:00:00
209,10418,Declined,2017-09-05 00:00:00,
210,10419,Pending,2023-11-09 00:00:00,2023-11-13 00:00:00
210,10420,Declined,2023-11-14 00:00:00,
211,10421,Pending,2015-04-30 00:00:00,2015-05-02 00:00:00
211,10422,Declined,2015-05-03 00:00:00,
212,10423,Pending,2024-09-10 00:00:00,2024-09-12 00:00:00
212,10424,Accepted,2024-09-13 00:00:00,
213,10425,Pending,2023-09-06 00:00:00,2023-09-10 00:00:00
213,10426,Accepted,2023-09-11 00:00:00,
214,10427,Pending,2012-02-25 00:00:00,2012-02-26 00:00:00
214,10428,Declined,2012-02-27 00:00:00,
215,10429,Pending,2017-05-31 00:00:00,2017-06-01 00:00:00
215,10430,Declined,2017-06-02 00:00:00,
216,10431,Pending,2007-08-17 00:00:00,2007-08-18 00:00:00
216,10432,Declined,2007-08-19 00:00:00,
217,10433,Pending,2020-12-22 00:00:00,2020-12-23 00:00:00
217,10434,Declined,2020-12-24 00:00:00,
218,10435,Pending,2023-11-04 00:00:00,2023-11-08 00:00:00
218,10436,Declined,2023-11-09 00:00:00,
219,10437,Pending,2023-03-14 00:00:00,2023-03-18 00:00:00
219,10438,Declined,2023-03-19 00:00:00,
220,10439,Pending,2019-01-30 00:00:00,2019-02-02 00:00:00
220,10440,Accepted,2019-02-03 00:00:00,
221,10441,Pending,2024-09-11 00:00:00,2024-09-12 00:00:00
221,10442,Declined,2024-09-13 00:00:00,
222,10443,Pending,2016-01-03 00:00:00,2016-01-04 00:00:00
222,10444,Declined,2016-01-05 00:00:00,
223,10445,Pending,2017-01-09 00:00:00,2017-01-13 00:00:00
223,10446,Accepted,2017-01-14 00:00:00,
224,10447,Pending,2020-03-28 00:00:00,2020-03-31 00:00:00
224,10448,Declined,2020-04-01 00:00:00,
225,10449,Pending,2016-06-04 00:00:00,2016-06-07 00:00:00
225,10450,Declined,2016-06-08 00:00:00,
226,10451,Pending,2009-09-18 00:00:00,2009-09-20 00:00:00
226,10452,Declined,2009-09-21 00:00:00,
227,10453,Pending,2021-05-14 00:00:00,2021-05-16 00:00:00
227,10454,Declined,2021-05-17 00:00:00,
228,10455,Pending,2007-09-04 00:00:00,2007-09-05 00:00:00
228,10456,Accepted,2007-09-06 00:00:00,
229,10457,Pending,2016-02-26 00:00:00,2016-02-28 00:00:00
229,10458,Declined,2016-02-29 00:00:00,
230,10459,Pending,2016-11-03 00:00:00,2016-11-06 00:00:00
230,10460,Accepted,2016-11-07 00:00:00,
231,10461,Pending,2023-02-27 00:00:00,2023-03-01 00:00:00
231,10462,Accepted,2023-03-02 00:00:00,
232,10463,Pending,2015-09-21 00:00:00,2015-09-23 00:00:00
232,10464,Accepted,2015-09-24 00:00:00,
233,10465,Pending,2020-04-30 00:00:00,2020-05-04 00:00:00
233,10466,Accepted,2020-05-05 00:00:00,
234,10467,Pending,2013-09-29 00:00:00,2013-10-03 00:00:00
234,10468,Accepted,2013-10-04 00:00:00,
235,10469,Pending,2015-03-08 00:00:00,2015-03-09 00:00:00
235,10470,Declined,2015-03-10 00:00:00,
236,10471,Pending,2017-03-29 00:00:00,2017-03-30 00:00:00
236,10472,Declined,2017-03-31 00:00:00,
237,10473,Pending,2020-02-24 00:00:00,2020-02-27 00:00:00
237,10474,Declined,2020-02-28 00:00:00,
238,10475,Pending,2007-04-04 00:00:00,2007-04-07 00:00:00
238,10476,Declined,2007-04-08 00:00:00,
239,10477,Pending,2013-12-01 00:00:00,2013-12-02 00:00:00
239,10478,Declined,2013-12-03 00:00:00,
240,10479,Pending,2014-11-05 00:00:00,2014-11-06 00:00:00
240,10480,Declined,2014-11-07 00:00:00,
241,10481,Pending,2017-05-31 00:00:00,2017-06-04 00:00:00
241,10482,Declined,2017-06-05 00:00:00,
242,10483,Pending,2020-04-04 00:00:00,2020-04-05 00:00:00
242,10484,Declined,2020-04-06 00:00:00,
243,10485,Pending,2015-08-04 00:00:00,2015-08-05 00:00:00
243,10486,Declined,2015-08-06 00:00:00,
244,10487,Pending,2006-09-16 00:00:00,2006-09-19 00:00:00
244,10488,Declined,2006-09-20 00:00:00,
245,10489,Pending,2007-07-06 00:00:00,2007-07-07 00:00:00
245,10490,Accepted,2007-07-08 00:00:00,
246,10491,Pending,2016-09-08 00:00:00,2016-09-12 00:00:00
246,10492,Accepted,2016-09-13 00:00:00,
247,10493,Pending,2016-12-08 00:00:00,2016-12-09 00:00:00
247,10494,Declined,2016-12-10 00:00:00,
248,10495,Pending,2011-06-27 00:00:00,2011-06-28 00:00:00
248,10496,Accepted,2011-06-29 00:00:00,
249,10497,Pending,2022-03-10 00:00:00,2022-03-13 00:00:00
249,10498,Declined,2022-03-14 00:00:00,
250,10499,Pending,2018-02-06 00:00:00,2018-02-07 00:00:00
250,10500,Declined,2018-02-08 00:00:00,
251,10501,Pending,2019-12-19 00:00:00,2019-12-22 00:00:00
251,10502,Accepted,2019-12-23 00:00:00,
252,10503,Pending,2007-09-28 00:00:00,2007-09-29 00:00:00
252,10504,Declined,2007-09-30 00:00:00,
253,10505,Pending,2012-11-29 00:00:00,2012-12-02 00:00:00
253,10506,Accepted,2012-12-03 00:00:00,
254,10507,Pending,2006-11-25 00:00:00,2006-11-29 00:00:00
254,10508,Accepted,2006-11-30 00:00:00,
255,10509,Pending,2021-11-08 00:00:00,2021-11-12 00:00:00
255,10510,Declined,2021-11-13 00:00:00,
256,10511,Pending,2023-09-21 00:00:00,2023-09-22 00:00:00
256,10512,Declined,2023-09-23 00:00:00,
257,10513,Pending,2011-10-13 00:00:00,2011-10-16 00:00:00
257,10514,Declined,2011-10-17 00:00:00,
258,10515,Pending,2007-04-25 00:00:00,2007-04-27 00:00:00
258,10516,Accepted,2007-04-28 00:00:00,
259,10517,Pending,2019-10-05 00:00:00,2019-10-09 00:00:00
259,10518,Declined,2019-10-10 00:00:00,
260,10519,Pending,2024-06-05 00:00:00,2024-06-09 00:00:00
260,10520,Declined,2024-06-10 00:00:00,
261,10521,Pending,2023-10-19 00:00:00,2023-10-23 00:00:00
261,10522,Accepted,2023-10-24 00:00:00,
262,10523,Pending,2019-11-02 00:00:00,2019-11-04 00:00:00
262,10524,Accepted,2019-11-05 00:00:00,
263,10525,Pending,2024-10-12 00:00:00,2024-10-14 00:00:00
263,10526,Accepted,2024-10-15 00:00:00,
264,10527,Pending,2007-12-30 00:00:00,2008-01-02 00:00:00
264,10528,Declined,2008-01-03 00:00:00,
265,10529,Pending,2016-04-08 00:00:00,2016-04-10 00:00:00
265,10530,Declined,2016-04-11 00:00:00,
266,10531,Pending,2023-06-16 00:00:00,2023-06-17 00:00:00
266,10532,Declined,2023-06-18 00:00:00,
267,10533,Pending,2007-01-25 00:00:00,2007-01-26 00:00:00
267,10534,Accepted,2007-01-27 00:00:00,
268,10535,Pending,2018-05-09 00:00:00,2018-05-12 00:00:00
268,10536,Declined,2018-05-13 00:00:00,
269,10537,Pending,2018-08-05 00:00:00,2018-08-09 00:00:00
269,10538,Accepted,2018-08-10 00:00:00,
270,10539,Pending,2017-08-15 00:00:00,2017-08-16 00:00:00
270,10540,Declined,2017-08-17 00:00:00,
271,10541,Pending,2021-01-08 00:00:00,2021-01-11 00:00:00
271,10542,Declined,2021-01-12 00:00:00,
272,10543,Pending,2016-01-03 00:00:00,2016-01-06 00:00:00
272,10544,Declined,2016-01-07 00:00:00,
273,10545,Pending,2021-02-02 00:00:00,2021-02-03 00:00:00
273,10546,Declined,2021-02-04 00:00:00,
274,10547,Pending,2007-01-29 00:00:00,2007-01-30 00:00:00
274,10548,Declined,2007-01-31 00:00:00,
275,10549,Pending,2018-10-02 00:00:00,2018-10-04 00:00:00
275,10550,Accepted,2018-10-05 00:00:00,
276,10551,Pending,2020-01-11 00:00:00,2020-01-12 00:00:00
276,10552,Declined,2020-01-13 00:00:00,
277,10553,Pending,2006-01-19 00:00:00,2006-01-20 00:00:00
277,10554,Declined,2006-01-21 00:00:00,
278,10555,Pending,2008-01-09 00:00:00,2008-01-10 00:00:00
278,10556,Declined,2008-01-11 00:00:00,
279,10557,Pending,2022-03-01 00:00:00,2022-03-05 00:00:00
279,10558,Declined,2022-03-06 00:00:00,
280,10559,Pending,2011-06-14 00:00:00,2011-06-18 00:00:00
280,10560,Declined,2011-06-19 00:00:00,
281,10561,Pending,2014-07-23 00:00:00,2014-07-27 00:00:00
281,10562,Accepted,2014-07-28 00:00:00,
282,10563,Pending,2016-12-24 00:00:00,2016-12-27 00:00:00
282,10564,Accepted,2016-12-28 00:00:00,
283,10565,Pending,2011-11-25 00:00:00,2011-11-29 00:00:00
283,10566,Declined,2011-11-30 00:00:00,
284,10567,Pending,2007-04-20 00:00:00,2007-04-22 00:00:00
284,10568,Declined,2007-04-23 00:00:00,
285,10569,Pending,2006-03-09 00:00:00,2006-03-12 00:00:00
285,10570,Accepted,2006-03-13 00:00:00,
286,10571,Pending,2017-01-06 00:00:00,2017-01-08 00:00:00
286,10572,Accepted,2017-01-09 00:00:00,
287,10573,Pending,2022-09-18 00:00:00,2022-09-19 00:00:00
287,10574,Declined,2022-09-20 00:00:00,
288,10575,Pending,2021-08-04 00:00:00,2021-08-07 00:00:00
288,10576,Declined,2021-08-08 00:00:00,
289,10577,Pending,2019-09-06 00:00:00,2019-09-07 00:00:00
289,10578,Declined,2019-09-08 00:00:00,
290,10579,Pending,2013-06-17 00:00:00,2013-06-19 00:00:00
290,10580,Declined,2013-06-20 00:00:00,
291,10581,Pending,2020-04-03 00:00:00,2020-04-05 00:00:00
291,10582,Accepted,2020-04-06 00:00:00,
292,10583,Pending,2019-12-15 00:00:00,2019-12-19 00:00:00
292,10584,Declined,2019-12-20 00:00:00,
293,10585,Pending,2022-09-08 00:00:00,2022-09-10 00:00:00
293,10586,Accepted,2022-09-11 00:00:00,
294,10587,Pending,2013-11-11 00:00:00,2013-11-13 00:00:00
294,10588,Accepted,2013-11-14 00:00:00,
295,10589,Pending,2012-05-13 00:00:00,2012-05-17 00:00:00
295,10590,Accepted,2012-05-18 00:00:00,
296,10591,Pending,2024-03-21 00:00:00,2024-03-22 00:00:00
296,10592,Declined,2024-03-23 00:00:00,
297,10593,Pending,2013-03-01 00:00:00,2013-03-02 00:00:00
297,10594,Declined,2013-03-03 00:00:00,
298,10595,Pending,2022-09-06 00:00:00,2022-09-10 00:00:00
298,10596,Declined,2022-09-11 00:00:00,
299,10597,Pending,2013-07-09 00:00:00,2013-07-10 00:00:00
299,10598,Accepted,2013-07-11 00:00:00,
300,10599,Pending,2013-08-21 00:00:00,2013-08-25 00:00:00
300,10600,Declined,2013-08-26 00:00:00,
301,10601,Pending,2010-08-30 00:00:00,2010-08-31 00:00:00
301,10602,Declined,2010-09-01 00:00:00,
302,10603,Pending,2007-09-11 00:00:00,2007-09-15 00:00:00
302,10604,Declined,2007-09-16 00:00:00,
303,10605,Pending,2011-05-02 00:00:00,2011-05-05 00:00:00
303,10606,Accepted,2011-05-06 00:00:00,
304,10607,Pending,2016-02-16 00:00:00,2016-02-19 00:00:00
304,10608,Declined,2016-02-20 00:00:00,
305,10609,Pending,2009-11-10 00:00:00,2009-11-14 00:00:00
305,10610,Declined,2009-11-15 00:00:00,
306,10611,Pending,2009-11-25 00:00:00,2009-11-26 00:00:00
306,10612,Declined,2009-11-27 00:00:00,
307,10613,Pending,2020-03-08 00:00:00,2020-03-12 00:00:00
307,10614,Declined,2020-03-13 00:00:00,
308,10615,Pending,2020-12-20 00:00:00,2020-12-22 00:00:00
308,10616,Accepted,2020-12-23 00:00:00,
309,10617,Pending,2008-02-16 00:00:00,2008-02-17 00:00:00
309,10618,Declined,2008-02-18 00:00:00,
310,10619,Pending,2015-10-26 00:00:00,2015-10-29 00:00:00
310,10620,Accepted,2015-10-30 00:00:00,
311,10621,Pending,2023-10-31 00:00:00,2023-11-04 00:00:00
311,10622,Declined,2023-11-05 00:00:00,
312,10623,Pending,2010-06-07 00:00:00,2010-06-10 00:00:00
312,10624,Declined,2010-06-11 00:00:00,
313,10625,Pending,2013-08-09 00:00:00,2013-08-10 00:00:00
313,10626,Declined,2013-08-11 00:00:00,
314,10627,Pending,2016-01-17 00:00:00,2016-01-18 00:00:00
314,10628,Declined,2016-01-19 00:00:00,
315,10629,Pending,2010-07-03 00:00:00,2010-07-06 00:00:00
315,10630,Accepted,2010-07-07 00:00:00,
316,10631,Pending,2007-03-01 00:00:00,2007-03-02 00:00:00
316,10632,Declined,2007-03-03 00:00:00,
317,10633,Pending,2012-09-20 00:00:00,2012-09-21 00:00:00
317,10634,Accepted,2012-09-22 00:00:00,
318,10635,Pending,2007-03-17 00:00:00,2007-03-19 00:00:00
318,10636,Declined,2007-03-20 00:00:00,
319,10637,Pending,2021-03-10 00:00:00,2021-03-11 00:00:00
319,10638,Accepted,2021-03-12 00:00:00,
320,10639,Pending,2013-10-10 00:00:00,2013-10-12 00:00:00
320,10640,Declined,2013-10-13 00:00:00,
321,10641,Pending,2011-02-22 00:00:00,2011-02-24 00:00:00
321,10642,Declined,2011-02-25 00:00:00,
322,10643,Pending,2009-04-05 00:00:00,2009-04-09 00:00:00
322,10644,Accepted,2009-04-10 00:00:00,
323,10645,Pending,2010-11-20 00:00:00,2010-11-24 00:00:00
323,10646,Accepted,2010-11-25 00:00:00,
324,10647,Pending,2019-11-26 00:00:00,2019-11-27 00:00:00
324,10648,Accepted,2019-11-28 00:00:00,
325,10649,Pending,2009-07-19 00:00:00,2009-07-23 00:00:00
325,10650,Accepted,2009-07-24 00:00:00,
326,10651,Pending,2022-12-25 00:00:00,2022-12-28 00:00:00
326,10652,Declined,2022-12-29 00:00:00,
327,10653,Pending,2006-06-20 00:00:00,2006-06-23 00:00:00
327,10654,Accepted,2006-06-24 00:00:00,
328,10655,Pending,2016-01-06 00:00:00,2016-01-08 00:00:00
328,10656,Accepted,2016-01-09 00:00:00,
329,10657,Pending,2007-06-17 00:00:00,2007-06-20 00:00:00
329,10658,Accepted,2007-06-21 00:00:00,
330,10659,Pending,2021-09-18 00:00:00,2021-09-22 00:00:00
330,10660,Declined,2021-09-23 00:00:00,
331,10661,Pending,2013-07-14 00:00:00,2013-07-18 00:00:00
331,10662,Accepted,2013-07-19 00:00:00,
332,10663,Pending,2006-09-23 00:00:00,2006-09-24 00:00:00
332,10664,Declined,2006-09-25 00:00:00,
333,10665,Pending,2008-05-11 00:00:00,2008-05-12 00:00:00
333,10666,Accepted,2008-05-13 00:00:00,
334,10667,Pending,2020-10-07 00:00:00,2020-10-09 00:00:00
334,10668,Declined,2020-10-10 00:00:00,
335,10669,Pending,2023-09-22 00:00:00,2023-09-23 00:00:00
335,10670,Accepted,2023-09-24 00:00:00,
336,10671,Pending,2018-05-06 00:00:00,2018-05-07 00:00:00
336,10672,Declined,2018-05-08 00:00:00,
337,10673,Pending,2010-07-25 00:00:00,2010-07-27 00:00:00
337,10674,Declined,2010-07-28 00:00:00,
338,10675,Pending,2010-09-13 00:00:00,2010-09-17 00:00:00
338,10676,Accepted,2010-09-18 00:00:00,
339,10677,Pending,2010-09-26 00:00:00,2010-09-30 00:00:00
339,10678,Declined,2010-10-01 00:00:00,
340,10679,Pending,2021-09-04 00:00:00,2021-09-06 00:00:00
340,10680,Declined,2021-09-07 00:00:00,
341,10681,Pending,2017-03-12 00:00:00,2017-03-16 00:00:00
341,10682,Accepted,2017-03-17 00:00:00,
342,10683,Pending,2016-03-24 00:00:00,2016-03-27 00:00:00
342,10684,Declined,2016-03-28 00:00:00,
343,10685,Pending,2015-12-16 00:00:00,2015-12-17 00:00:00
343,10686,Declined,2015-12-18 00:00:00,
344,10687,Pending,2014-03-04 00:00:00,2014-03-06 00:00:00
344,10688,Accepted,2014-03-07 00:00:00,
345,10689,Pending,2020-10-07 00:00:00,2020-10-10 00:00:00
345,10690,Declined,2020-10-11 00:00:00,
346,10691,Pending,2007-03-28 00:00:00,2007-03-30 00:00:00
346,10692,Declined,2007-03-31 00:00:00,
347,10693,Pending,2024-12-11 00:00:00,2024-12-12 00:00:00
347,10694,Declined,2024-12-13 00:00:00,
348,10695,Pending,2014-04-26 00:00:00,2014-04-28 00:00:00
348,10696,Declined,2014-04-29 00:00:00,
349,10697,Pending,2023-08-17 00:00:00,2023-08-20 00:00:00
349,10698,Declined,2023-08-21 00:00:00,
350,10699,Pending,2007-11-11 00:00:00,2007-11-13 00:00:00
350,10700,Accepted,2007-11-14 00:00:00,
351,10701,Pending,2012-09-04 00:00:00,2012-09-06 00:00:00
351,10702,Declined,2012-09-07 00:00:00,
352,10703,Pending,2013-11-06 00:00:00,2013-11-07 00:00:00
352,10704,Declined,2013-11-08 00:00:00,
353,10705,Pending,2008-08-07 00:00:00,2008-08-08 00:00:00
353,10706,Accepted,2008-08-09 00:00:00,
354,10707,Pending,2023-09-07 00:00:00,2023-09-11 00:00:00
354,10708,Declined,2023-09-12 00:00:00,
355,10709,Pending,2016-06-03 00:00:00,2016-06-07 00:00:00
355,10710,Declined,2016-06-08 00:00:00,
356,10711,Pending,2010-01-25 00:00:00,2010-01-28 00:00:00
356,10712,Declined,2010-01-29 00:00:00,
357,10713,Pending,2016-01-14 00:00:00,2016-01-15 00:00:00
357,10714,Declined,2016-01-16 00:00:00,
358,10715,Pending,2007-08-21 00:00:00,2007-08-25 00:00:00
358,10716,Declined,2007-08-26 00:00:00,
359,10717,Pending,2022-11-26 00:00:00,2022-11-29 00:00:00
359,10718,Declined,2022-11-30 00:00:00,
360,10719,Pending,2012-10-25 00:00:00,2012-10-29 00:00:00
360,10720,Declined,2012-10-30 00:00:00,
361,10721,Pending,2009-04-10 00:00:00,2009-04-12 00:00:00
361,10722,Accepted,2009-04-13 00:00:00,
362,10723,Pending,2009-04-16 00:00:00,2009-04-20 00:00:00
362,10724,Accepted,2009-04-21 00:00:00,
363,10725,Pending,2021-06-01 00:00:00,2021-06-02 00:00:00
363,10726,Accepted,2021-06-03 00:00:00,
364,10727,Pending,2010-12-13 00:00:00,2010-12-16 00:00:00
364,10728,Accepted,2010-12-17 00:00:00,
365,10729,Pending,2006-08-04 00:00:00,2006-08-05 00:00:00
365,10730,Declined,2006-08-06 00:00:00,
366,10731,Pending,2018-04-05 00:00:00,2018-04-08 00:00:00
366,10732,Accepted,2018-04-09 00:00:00,
367,10733,Pending,2007-06-03 00:00:00,2007-06-04 00:00:00
367,10734,Declined,2007-06-05 00:00:00,
368,10735,Pending,2019-08-15 00:00:00,2019-08-17 00:00:00
368,10736,Accepted,2019-08-18 00:00:00,
369,10737,Pending,2010-08-30 00:00:00,2010-09-03 00:00:00
369,10738,Accepted,2010-09-04 00:00:00,
370,10739,Pending,2006-12-24 00:00:00,2006-12-25 00:00:00
370,10740,Declined,2006-12-26 00:00:00,
371,10741,Pending,2007-07-04 00:00:00,2007-07-07 00:00:00
371,10742,Declined,2007-07-08 00:00:00,
372,10743,Pending,2013-11-29 00:00:00,2013-12-01 00:00:00
372,10744,Accepted,2013-12-02 00:00:00,
373,10745,Pending,2017-08-31 00:00:00,2017-09-03 00:00:00
373,10746,Declined,2017-09-04 00:00:00,
374,10747,Pending,2006-09-27 00:00:00,2006-09-30 00:00:00
374,10748,Accepted,2006-10-01 00:00:00,
375,10749,Pending,2016-12-20 00:00:00,2016-12-21 00:00:00
375,10750,Declined,2016-12-22 00:00:00,
376,10751,Pending,2012-08-10 00:00:00,2012-08-14 00:00:00
376,10752,Accepted,2012-08-15 00:00:00,
377,10753,Pending,2021-09-23 00:00:00,2021-09-25 00:00:00
377,10754,Declined,2021-09-26 00:00:00,
378,10755,Pending,2024-06-23 00:00:00,2024-06-25 00:00:00
378,10756,Declined,2024-06-26 00:00:00,
379,10757,Pending,2006-02-19 00:00:00,2006-02-21 00:00:00
379,10758,Accepted,2006-02-22 00:00:00,
380,10759,Pending,2011-12-01 00:00:00,2011-12-02 00:00:00
380,10760,Accepted,2011-12-03 00:00:00,
381,10761,Pending,2021-10-13 00:00:00,2021-10-17 00:00:00
381,10762,Declined,2021-10-18 00:00:00,
382,10763,Pending,2023-07-09 00:00:00,2023-07-10 00:00:00
382,10764,Declined,2023-07-11 00:00:00,
383,10765,Pending,2007-11-10 00:00:00,2007-11-11 00:00:00
383,10766,Accepted,2007-11-12 00:00:00,
384,10767,Pending,2008-03-01 00:00:00,2008-03-02 00:00:00
384,10768,Declined,2008-03-03 00:00:00,
385,10769,Pending,2008-10-12 00:00:00,2008-10-16 00:00:00
385,10770,Accepted,2008-10-17 00:00:00,
386,10771,Pending,2020-07-20 00:00:00,2020-07-21 00:00:00
386,10772,Accepted,2020-07-22 00:00:00,
387,10773,Pending,2023-08-22 00:00:00,2023-08-23 00:00:00
387,10774,Declined,2023-08-24 00:00:00,
388,10775,Pending,2016-04-11 00:00:00,2016-04-13 00:00:00
388,10776,Accepted,2016-04-14 00:00:00,
389,10777,Pending,2006-11-08 00:00:00,2006-11-09 00:00:00
389,10778,Declined,2006-11-10 00:00:00,
390,10779,Pending,2014-03-26 00:00:00,2014-03-30 00:00:00
390,10780,Accepted,2014-03-31 00:00:00,
391,10781,Pending,2011-05-10 00:00:00,2011-05-11 00:00:00
391,10782,Accepted,2011-05-12 00:00:00,
392,10783,Pending,2016-09-28 00:00:00,2016-10-02 00:00:00
392,10784,Declined,2016-10-03 00:00:00,
393,10785,Pending,2007-08-11 00:00:00,2007-08-13 00:00:00
393,10786,Accepted,2007-08-14 00:00:00,
394,10787,Pending,2017-03-04 00:00:00,2017-03-07 00:00:00
394,10788,Declined,2017-03-08 00:00:00,
395,10789,Pending,2021-11-10 00:00:00,2021-11-14 00:00:00
395,10790,Accepted,2021-11-15 00:00:00,
396,10791,Pending,2018-07-17 00:00:00,2018-07-19 00:00:00
396,10792,Declined,2018-07-20 00:00:00,
397,10793,Pending,2022-05-25 00:00:00,2022-05-26 00:00:00
397,10794,Declined,2022-05-27 00:00:00,
398,10795,Pending,2021-06-07 00:00:00,2021-06-08 00:00:00
398,10796,Accepted,2021-06-09 00:00:00,
399,10797,Pending,2008-09-07 00:00:00,2008-09-08 00:00:00
399,10798,Accepted,2008-09-09 00:00:00,
400,10799,Pending,2021-03-28 00:00:00,2021-03-29 00:00:00
400,10800,Accepted,2021-03-30 00:00:00,
401,10801,Pending,2011-10-28 00:00:00,2011-10-29 00:00:00
401,10802,Declined,2011-10-30 00:00:00,
402,10803,Pending,2021-10-04 00:00:00,2021-10-05 00:00:00
402,10804,Accepted,2021-10-06 00:00:00,
403,10805,Pending,2013-11-18 00:00:00,2013-11-20 00:00:00
403,10806,Declined,2013-11-21 00:00:00,
404,10807,Pending,2024-11-05 00:00:00,2024-11-09 00:00:00
404,10808,Accepted,2024-11-10 00:00:00,
405,10809,Pending,2008-04-27 00:00:00,2008-04-29 00:00:00
405,10810,Accepted,2008-04-30 00:00:00,
406,10811,Pending,2013-03-05 00:00:00,2013-03-08 00:00:00
406,10812,Accepted,2013-03-09 00:00:00,
407,10813,Pending,2006-10-26 00:00:00,2006-10-27 00:00:00
407,10814,Declined,2006-10-28 00:00:00,
408,10815,Pending,2024-10-29 00:00:00,2024-11-02 00:00:00
408,10816,Accepted,2024-11-03 00:00:00,
409,10817,Pending,2016-06-23 00:00:00,2016-06-24 00:00:00
409,10818,Accepted,2016-06-25 00:00:00,
410,10819,Pending,2009-01-10 00:00:00,2009-01-14 00:00:00
410,10820,Accepted,2009-01-15 00:00:00,
411,10821,Pending,2022-01-11 00:00:00,2022-01-14 00:00:00
411,10822,Declined,2022-01-15 00:00:00,
412,10823,Pending,2009-03-13 00:00:00,2009-03-15 00:00:00
412,10824,Accepted,2009-03-16 00:00:00,
413,10825,Pending,2011-11-19 00:00:00,2011-11-23 00:00:00
413,10826,Declined,2011-11-24 00:00:00,
414,10827,Pending,2017-03-09 00:00:00,2017-03-12 00:00:00
414,10828,Declined,2017-03-13 00:00:00,
415,10829,Pending,2006-07-07 00:00:00,2006-07-10 00:00:00
415,10830,Declined,2006-07-11 00:00:00,
416,10831,Pending,2020-03-14 00:00:00,2020-03-15 00:00:00
416,10832,Accepted,2020-03-16 00:00:00,
417,10833,Pending,2013-07-19 00:00:00,2013-07-22 00:00:00
417,10834,Declined,2013-07-23 00:00:00,
418,10835,Pending,2024-06-16 00:00:00,2024-06-17 00:00:00
418,10836,Declined,2024-06-18 00:00:00,
419,10837,Pending,2017-01-10 00:00:00,2017-01-13 00:00:00
419,10838,Accepted,2017-01-14 00:00:00,
420,10839,Pending,2008-08-22 00:00:00,2008-08-26 00:00:00
420,10840,Accepted,2008-08-27 00:00:00,
421,10841,Pending,2006-01-13 00:00:00,2006-01-16 00:00:00
421,10842,Declined,2006-01-17 00:00:00,
422,10843,Pending,2019-01-15 00:00:00,2019-01-16 00:00:00
422,10844,Accepted,2019-01-17 00:00:00,
423,10845,Pending,2016-04-28 00:00:00,2016-04-29 00:00:00
423,10846,Accepted,2016-04-30 00:00:00,
424,10847,Pending,2008-09-26 00:00:00,2008-09-28 00:00:00
424,10848,Declined,2008-09-29 00:00:00,
425,10849,Pending,2013-11-25 00:00:00,2013-11-28 00:00:00
425,10850,Declined,2013-11-29 00:00:00,
426,10851,Pending,2021-01-09 00:00:00,2021-01-12 00:00:00
426,10852,Declined,2021-01-13 00:00:00,
427,10853,Pending,2014-06-29 00:00:00,2014-06-30 00:00:00
427,10854,Accepted,2014-07-01 00:00:00,
428,10855,Pending,2012-06-07 00:00:00,2012-06-10 00:00:00
428,10856,Accepted,2012-06-11 00:00:00,
429,10857,Pending,2024-07-25 00:00:00,2024-07-28 00:00:00
429,10858,Accepted,2024-07-29 00:00:00,
430,10859,Pending,2018-02-02 00:00:00,2018-02-04 00:00:00
430,10860,Accepted,2018-02-05 00:00:00,
431,10861,Pending,2015-03-29 00:00:00,2015-04-02 00:00:00
431,10862,Accepted,2015-04-03 00:00:00,
432,10863,Pending,2015-02-11 00:00:00,2015-02-13 00:00:00
432,10864,Declined,2015-02-14 00:00:00,
433,10865,Pending,2012-03-18 00:00:00,2012-03-22 00:00:00
433,10866,Accepted,2012-03-23 00:00:00,
434,10867,Pending,2013-12-04 00:00:00,2013-12-05 00:00:00
434,10868,Declined,2013-12-06 00:00:00,
435,10869,Pending,2007-11-17 00:00:00,2007-11-20 00:00:00
435,10870,Declined,2007-11-21 00:00:00,
436,10871,Pending,2014-06-19 00:00:00,2014-06-20 00:00:00
436,10872,Declined,2014-06-21 00:00:00,
437,10873,Pending,2010-05-02 00:00:00,2010-05-04 00:00:00
437,10874,Accepted,2010-05-05 00:00:00,
438,10875,Pending,2007-03-30 00:00:00,2007-04-01 00:00:00
438,10876,Accepted,2007-04-02 00:00:00,
439,10877,Pending,2015-10-31 00:00:00,2015-11-02 00:00:00
439,10878,Declined,2015-11-03 00:00:00,
440,10879,Pending,2010-01-24 00:00:00,2010-01-25 00:00:00
440,10880,Accepted,2010-01-26 00:00:00,
441,10881,Pending,2014-12-11 00:00:00,2014-12-12 00:00:00
441,10882,Declined,2014-12-13 00:00:00,
442,10883,Pending,2011-12-03 00:00:00,2011-12-06 00:00:00
442,10884,Declined,2011-12-07 00:00:00,
443,10885,Pending,2019-01-24 00:00:00,2019-01-28 00:00:00
443,10886,Accepted,2019-01-29 00:00:00,
444,10887,Pending,2012-03-06 00:00:00,2012-03-07 00:00:00
444,10888,Declined,2012-03-08 00:00:00,
445,10889,Pending,2024-05-04 00:00:00,2024-05-08 00:00:00
445,10890,Accepted,2024-05-09 00:00:00,
446,10891,Pending,2011-05-12 00:00:00,2011-05-15 00:00:00
446,10892,Accepted,2011-05-16 00:00:00,
447,10893,Pending,2007-01-05 00:00:00,2007-01-06 00:00:00
447,10894,Accepted,2007-01-07 00:00:00,
448,10895,Pending,2016-11-17 00:00:00,2016-11-21 00:00:00
448,10896,Declined,2016-11-22 00:00:00,
449,10897,Pending,2013-10-19 00:00:00,2013-10-21 00:00:00
449,10898,Declined,2013-10-22 00:00:00,
450,10899,Pending,2012-10-02 00:00:00,2012-10-05 00:00:00
450,10900,Accepted,2012-10-06 00:00:00,
451,10901,Pending,2021-10-04 00:00:00,2021-10-05 00:00:00
451,10902,Declined,2021-10-06 00:00:00,
452,10903,Pending,2015-03-03 00:00:00,2015-03-05 00:00:00
452,10904,Accepted,2015-03-06 00:00:00,
453,10905,Pending,2024-04-02 00:00:00,2024-04-05 00:00:00
453,10906,Declined,2024-04-06 00:00:00,
454,10907,Pending,2022-04-06 00:00:00,2022-04-08 00:00:00
454,10908,Accepted,2022-04-09 00:00:00,
455,10909,Pending,2013-06-01 00:00:00,2013-06-04 00:00:00
455,10910,Declined,2013-06-05 00:00:00,
456,10911,Pending,2024-03-08 00:00:00,2024-03-11 00:00:00
456,10912,Accepted,2024-03-12 00:00:00,
457,10913,Pending,2023-07-14 00:00:00,2023-07-15 00:00:00
457,10914,Declined,2023-07-16 00:00:00,
458,10915,Pending,2006-12-19 00:00:00,2006-12-23 00:00:00
458,10916,Declined,2006-12-24 00:00:00,
459,10917,Pending,2014-06-08 00:00:00,2014-06-10 00:00:00
459,10918,Declined,2014-06-11 00:00:00,
460,10919,Pending,2018-06-25 00:00:00,2018-06-29 00:00:00
460,10920,Declined,2018-06-30 00:00:00,
461,10921,Pending,2024-06-25 00:00:00,2024-06-26 00:00:00
461,10922,Accepted,2024-06-27 00:00:00,
462,10923,Pending,2008-02-21 00:00:00,2008-02-22 00:00:00
462,10924,Accepted,2008-02-23 00:00:00,
463,10925,Pending,2006-12-14 00:00:00,2006-12-15 00:00:00
463,10926,Accepted,2006-12-16 00:00:00,
464,10927,Pending,2010-09-29 00:00:00,2010-09-30 00:00:00
464,10928,Declined,2010-10-01 00:00:00,
465,10929,Pending,2007-10-16 00:00:00,2007-10-18 00:00:00
465,10930,Accepted,2007-10-19 00:00:00,
466,10931,Pending,2008-12-02 00:00:00,2008-12-05 00:00:00
466,10932,Declined,2008-12-06 00:00:00,
467,10933,Pending,2013-10-04 00:00:00,2013-10-05 00:00:00
467,10934,Accepted,2013-10-06 00:00:00,
468,10935,Pending,2016-06-14 00:00:00,2016-06-18 00:00:00
468,10936,Accepted,2016-06-19 00:00:00,
469,10937,Pending,2006-10-26 00:00:00,2006-10-28 00:00:00
469,10938,Accepted,2006-10-29 00:00:00,
470,10939,Pending,2011-03-28 00:00:00,2011-03-30 00:00:00
470,10940,Declined,2011-03-31 00:00:00,
471,10941,Pending,2022-03-28 00:00:00,2022-04-01 00:00:00
471,10942,Accepted,2022-04-02 00:00:00,
472,10943,Pending,2013-12-24 00:00:00,2013-12-28 00:00:00
472,10944,Accepted,2013-12-29 00:00:00,
473,10945,Pending,2012-05-13 00:00:00,2012-05-14 00:00:00
473,10946,Accepted,2012-05-15 00:00:00,
474,10947,Pending,2013-01-16 00:00:00,2013-01-17 00:00:00
474,10948,Declined,2013-01-18 00:00:00,
475,10949,Pending,2022-11-04 00:00:00,2022-11-06 00:00:00
475,10950,Accepted,2022-11-07 00:00:00,
476,10951,Pending,2021-01-05 00:00:00,2021-01-08 00:00:00
476,10952,Declined,2021-01-09 00:00:00,
477,10953,Pending,2008-01-14 00:00:00,2008-01-15 00:00:00
477,10954,Declined,2008-01-16 00:00:00,
478,10955,Pending,2009-08-30 00:00:00,2009-09-02 00:00:00
478,10956,Accepted,2009-09-03 00:00:00,
479,10957,Pending,2007-09-04 00:00:00,2007-09-08 00:00:00
479,10958,Accepted,2007-09-09 00:00:00,
480,10959,Pending,2017-03-31 00:00:00,2017-04-02 00:00:00
480,10960,Accepted,2017-04-03 00:00:00,
481,10961,Pending,2022-11-23 00:00:00,2022-11-24 00:00:00
481,10962,Accepted,2022-11-25 00:00:00,
482,10963,Pending,2014-08-21 00:00:00,2014-08-23 00:00:00
482,10964,Accepted,2014-08-24 00:00:00,
483,10965,Pending,2020-01-17 00:00:00,2020-01-20 00:00:00
483,10966,Accepted,2020-01-21 00:00:00,
484,10967,Pending,2023-05-08 00:00:00,2023-05-09 00:00:00
484,10968,Declined,2023-05-10 00:00:00,
485,10969,Pending,2024-07-05 00:00:00,2024-07-07 00:00:00
485,10970,Accepted,2024-07-08 00:00:00,
486,10971,Pending,2022-11-23 00:00:00,2022-11-27 00:00:00
486,10972,Accepted,2022-11-28 00:00:00,
487,10973,Pending,2008-04-25 00:00:00,2008-04-26 00:00:00
487,10974,Accepted,2008-04-27 00:00:00,
488,10975,Pending,2017-04-03 00:00:00,2017-04-07 00:00:00
488,10976,Declined,2017-04-08 00:00:00,
489,10977,Pending,2016-08-03 00:00:00,2016-08-07 00:00:00
489,10978,Declined,2016-08-08 00:00:00,
490,10979,Pending,2014-05-15 00:00:00,2014-05-19 00:00:00
490,10980,Declined,2014-05-20 00:00:00,
491,10981,Pending,2006-04-01 00:00:00,2006-04-05 00:00:00
491,10982,Declined,2006-04-06 00:00:00,
492,10983,Pending,2021-02-07 00:00:00,2021-02-11 00:00:00
492,10984,Accepted,2021-02-12 00:00:00,
493,10985,Pending,2008-03-10 00:00:00,2008-03-14 00:00:00
493,10986,Declined,2008-03-15 00:00:00,
494,10987,Pending,2008-11-05 00:00:00,2008-11-09 00:00:00
494,10988,Declined,2008-11-10 00:00:00,
495,10989,Pending,2007-03-24 00:00:00,2007-03-26 00:00:00
495,10990,Declined,2007-03-27 00:00:00,
496,10991,Pending,2021-07-18 00:00:00,2021-07-20 00:00:00
496,10992,Declined,2021-07-21 00:00:00,
497,10993,Pending,2023-06-13 00:00:00,2023-06-15 00:00:00
497,10994,Declined,2023-06-16 00:00:00,
498,10995,Pending,2021-07-12 00:00:00,2021-07-16 00:00:00
498,10996,Accepted,2021-07-17 00:00:00,
499,10997,Pending,2020-12-29 00:00:00,2020-12-30 00:00:00
499,10998,Declined,2020-12-31 00:00:00,
500,10999,Pending,2017-12-19 00:00:00,2017-12-23 00:00:00
500,11000,Accepted,2017-12-24 00:00:00,
501,11001,Pending,2008-12-22 00:00:00,2008-12-24 00:00:00
501,11002,Accepted,2008-12-25 00:00:00,
502,11003,Pending,2015-11-02 00:00:00,2015-11-03 00:00:00
502,11004,Accepted,2015-11-04 00:00:00,
503,11005,Pending,2007-10-26 00:00:00,2007-10-27 00:00:00
503,11006,Accepted,2007-10-28 00:00:00,
504,11007,Pending,2021-01-12 00:00:00,2021-01-16 00:00:00
504,11008,Accepted,2021-01-17 00:00:00,
505,11009,Pending,2020-10-05 00:00:00,2020-10-09 00:00:00
505,11010,Declined,2020-10-10 00:00:00,
506,11011,Pending,2024-04-24 00:00:00,2024-04-25 00:00:00
506,11012,Accepted,2024-04-26 00:00:00,
507,11013,Pending,2021-02-05 00:00:00,2021-02-07 00:00:00
507,11014,Accepted,2021-02-08 00:00:00,
508,11015,Pending,2020-04-30 00:00:00,2020-05-01 00:00:00
508,11016,Declined,2020-05-02 00:00:00,
509,11017,Pending,2015-05-16 00:00:00,2015-05-18 00:00:00
509,11018,Accepted,2015-05-19 00:00:00,
510,11019,Pending,2010-01-13 00:00:00,2010-01-17 00:00:00
510,11020,Accepted,2010-01-18 00:00:00,
511,11021,Pending,2012-02-02 00:00:00,2012-02-05 00:00:00
511,11022,Accepted,2012-02-06 00:00:00,
512,11023,Pending,2013-10-04 00:00:00,2013-10-06 00:00:00
512,11024,Declined,2013-10-07 00:00:00,
513,11025,Pending,2015-09-21 00:00:00,2015-09-25 00:00:00
513,11026,Declined,2015-09-26 00:00:00,
514,11027,Pending,2008-04-21 00:00:00,2008-04-23 00:00:00
514,11028,Accepted,2008-04-24 00:00:00,
515,11029,Pending,2017-04-30 00:00:00,2017-05-01 00:00:00
515,11030,Accepted,2017-05-02 00:00:00,
516,11031,Pending,2020-05-13 00:00:00,2020-05-16 00:00:00
516,11032,Declined,2020-05-17 00:00:00,
517,11033,Pending,2016-10-05 00:00:00,2016-10-06 00:00:00
517,11034,Declined,2016-10-07 00:00:00,
518,11035,Pending,2022-05-17 00:00:00,2022-05-18 00:00:00
518,11036,Declined,2022-05-19 00:00:00,
519,11037,Pending,2019-06-21 00:00:00,2019-06-25 00:00:00
519,11038,Accepted,2019-06-26 00:00:00,
520,11039,Pending,2015-10-28 00:00:00,2015-10-29 00:00:00
520,11040,Accepted,2015-10-30 00:00:00,
521,11041,Pending,2023-11-13 00:00:00,2023-11-14 00:00:00
521,11042,Declined,2023-11-15 00:00:00,
522,11043,Pending,2007-07-08 00:00:00,2007-07-11 00:00:00
522,11044,Accepted,2007-07-12 00:00:00,
523,11045,Pending,2012-05-31 00:00:00,2012-06-02 00:00:00
523,11046,Accepted,2012-06-03 00:00:00,
524,11047,Pending,2008-05-13 00:00:00,2008-05-16 00:00:00
524,11048,Accepted,2008-05-17 00:00:00,
525,11049,Pending,2010-07-10 00:00:00,2010-07-11 00:00:00
525,11050,Accepted,2010-07-12 00:00:00,
526,11051,Pending,2008-02-25 00:00:00,2008-02-27 00:00:00
526,11052,Accepted,2008-02-28 00:00:00,
527,11053,Pending,2023-06-08 00:00:00,2023-06-11 00:00:00
527,11054,Accepted,2023-06-12 00:00:00,
528,11055,Pending,2018-09-09 00:00:00,2018-09-10 00:00:00
528,11056,Accepted,2018-09-11 00:00:00,
529,11057,Pending,2018-06-12 00:00:00,2018-06-16 00:00:00
529,11058,Accepted,2018-06-17 00:00:00,
530,11059,Pending,2008-03-14 00:00:00,2008-03-16 00:00:00
530,11060,Declined,2008-03-17 00:00:00,
531,11061,Pending,2016-01-08 00:00:00,2016-01-09 00:00:00
531,11062,Accepted,2016-01-10 00:00:00,
532,11063,Pending,2020-02-17 00:00:00,2020-02-20 00:00:00
532,11064,Accepted,2020-02-21 00:00:00,
533,11065,Pending,2024-03-16 00:00:00,2024-03-18 00:00:00
533,11066,Accepted,2024-03-19 00:00:00,
534,11067,Pending,2019-07-13 00:00:00,2019-07-14 00:00:00
534,11068,Accepted,2019-07-15 00:00:00,
535,11069,Pending,2011-11-01 00:00:00,2011-11-02 00:00:00
535,11070,Accepted,2011-11-03 00:00:00,
536,11071,Pending,2009-02-27 00:00:00,2009-02-28 00:00:00
536,11072,Declined,2009-03-01 00:00:00,
537,11073,Pending,2012-11-08 00:00:00,2012-11-10 00:00:00
537,11074,Accepted,2012-11-11 00:00:00,
538,11075,Pending,2019-09-16 00:00:00,2019-09-17 00:00:00
538,11076,Accepted,2019-09-18 00:00:00,
539,11077,Pending,2014-06-23 00:00:00,2014-06-25 00:00:00
539,11078,Accepted,2014-06-26 00:00:00,
540,11079,Pending,2014-04-10 00:00:00,2014-04-12 00:00:00
540,11080,Accepted,2014-04-13 00:00:00,
541,11081,Pending,2016-03-31 00:00:00,2016-04-03 00:00:00
541,11082,Accepted,2016-04-04 00:00:00,
542,11083,Pending,2013-01-01 00:00:00,2013-01-02 00:00:00
542,11084,Declined,2013-01-03 00:00:00,
543,11085,Pending,2022-11-30 00:00:00,2022-12-02 00:00:00
543,11086,Accepted,2022-12-03 00:00:00,
544,11087,Pending,2021-03-30 00:00:00,2021-03-31 00:00:00
544,11088,Declined,2021-04-01 00:00:00,
545,11089,Pending,2023-04-25 00:00:00,2023-04-29 00:00:00
545,11090,Declined,2023-04-30 00:00:00,
546,11091,Pending,2013-08-03 00:00:00,2013-08-07 00:00:00
546,11092,Accepted,2013-08-08 00:00:00,
547,11093,Pending,2020-05-20 00:00:00,2020-05-24 00:00:00
547,11094,Accepted,2020-05-25 00:00:00,
548,11095,Pending,2016-09-07 00:00:00,2016-09-09 00:00:00
548,11096,Declined,2016-09-10 00:00:00,
549,11097,Pending,2022-09-19 00:00:00,2022-09-21 00:00:00
549,11098,Declined,2022-09-22 00:00:00,
550,11099,Pending,2015-04-05 00:00:00,2015-04-07 00:00:00
550,11100,Accepted,2015-04-08 00:00:00,
551,11101,Pending,2016-06-21 00:00:00,2016-06-24 00:00:00
551,11102,Declined,2016-06-25 00:00:00,
552,11103,Pending,2008-07-12 00:00:00,2008-07-16 00:00:00
552,11104,Accepted,2008-07-17 00:00:00,
553,11105,Pending,2010-02-27 00:00:00,2010-03-01 00:00:00
553,11106,Declined,2010-03-02 00:00:00,
554,11107,Pending,2014-11-10 00:00:00,2014-11-11 00:00:00
554,11108,Declined,2014-11-12 00:00:00,
555,11109,Pending,2018-01-01 00:00:00,2018-01-03 00:00:00
555,11110,Accepted,2018-01-04 00:00:00,
556,11111,Pending,2020-06-22 00:00:00,2020-06-23 00:00:00
556,11112,Accepted,2020-06-24 00:00:00,
557,11113,Pending,2006-08-29 00:00:00,2006-09-02 00:00:00
557,11114,Accepted,2006-09-03 00:00:00,
558,11115,Pending,2009-06-03 00:00:00,2009-06-06 00:00:00
558,11116,Accepted,2009-06-07 00:00:00,
559,11117,Pending,2018-08-14 00:00:00,2018-08-17 00:00:00
559,11118,Accepted,2018-08-18 00:00:00,
560,11119,Pending,2016-05-21 00:00:00,2016-05-22 00:00:00
560,11120,Declined,2016-05-23 00:00:00,
561,11121,Pending,2007-04-27 00:00:00,2007-04-29 00:00:00
561,11122,Accepted,2007-04-30 00:00:00,
562,11123,Pending,2011-06-20 00:00:00,2011-06-23 00:00:00
562,11124,Accepted,2011-06-24 00:00:00,
563,11125,Pending,2015-07-07 00:00:00,2015-07-09 00:00:00
563,11126,Declined,2015-07-10 00:00:00,
564,11127,Pending,2008-01-30 00:00:00,2008-02-03 00:00:00
564,11128,Declined,2008-02-04 00:00:00,
565,11129,Pending,2013-05-02 00:00:00,2013-05-04 00:00:00
565,11130,Declined,2013-05-05 00:00:00,
566,11131,Pending,2019-09-24 00:00:00,2019-09-26 00:00:00
566,11132,Declined,2019-09-27 00:00:00,
567,11133,Pending,2021-02-03 00:00:00,2021-02-05 00:00:00
567,11134,Accepted,2021-02-06 00:00:00,
568,11135,Pending,2023-03-26 00:00:00,2023-03-29 00:00:00
568,11136,Accepted,2023-03-30 00:00:00,
569,11137,Pending,2023-05-24 00:00:00,2023-05-27 00:00:00
569,11138,Declined,2023-05-28 00:00:00,
570,11139,Pending,2020-09-12 00:00:00,2020-09-16 00:00:00
570,11140,Accepted,2020-09-17 00:00:00,
571,11141,Pending,2020-08-19 00:00:00,2020-08-21 00:00:00
571,11142,Accepted,2020-08-22 00:00:00,
572,11143,Pending,2015-02-03 00:00:00,2015-02-07 00:00:00
572,11144,Accepted,2015-02-08 00:00:00,
573,11145,Pending,2022-03-28 00:00:00,2022-04-01 00:00:00
573,11146,Declined,2022-04-02 00:00:00,
574,11147,Pending,2013-05-03 00:00:00,2013-05-06 00:00:00
574,11148,Declined,2013-05-07 00:00:00,
575,11149,Pending,2011-12-18 00:00:00,2011-12-21 00:00:00
575,11150,Accepted,2011-12-22 00:00:00,
576,11151,Pending,2016-04-08 00:00:00,2016-04-09 00:00:00
576,11152,Accepted,2016-04-10 00:00:00,
577,11153,Pending,2016-01-14 00:00:00,2016-01-18 00:00:00
577,11154,Declined,2016-01-19 00:00:00,
578,11155,Pending,2009-06-23 00:00:00,2009-06-27 00:00:00
578,11156,Accepted,2009-06-28 00:00:00,
579,11157,Pending,2014-03-29 00:00:00,2014-03-31 00:00:00
579,11158,Accepted,2014-04-01 00:00:00,
580,11159,Pending,2011-07-10 00:00:00,2011-07-14 00:00:00
580,11160,Declined,2011-07-15 00:00:00,
581,11161,Pending,2021-10-12 00:00:00,2021-10-16 00:00:00
581,11162,Accepted,2021-10-17 00:00:00,
582,11163,Pending,2014-11-01 00:00:00,2014-11-03 00:00:00
582,11164,Declined,2014-11-04 00:00:00,
583,11165,Pending,2021-05-21 00:00:00,2021-05-22 00:00:00
583,11166,Declined,2021-05-23 00:00:00,
584,11167,Pending,2020-06-25 00:00:00,2020-06-26 00:00:00
584,11168,Declined,2020-06-27 00:00:00,
585,11169,Pending,2011-05-22 00:00:00,2011-05-25 00:00:00
585,11170,Accepted,2011-05-26 00:00:00,
586,11171,Pending,2021-07-08 00:00:00,2021-07-12 00:00:00
586,11172,Accepted,2021-07-13 00:00:00,
587,11173,Pending,2013-10-07 00:00:00,2013-10-10 00:00:00
587,11174,Accepted,2013-10-11 00:00:00,
588,11175,Pending,2024-08-12 00:00:00,2024-08-13 00:00:00
588,11176,Accepted,2024-08-14 00:00:00,
589,11177,Pending,2011-06-07 00:00:00,2011-06-10 00:00:00
589,11178,Declined,2011-06-11 00:00:00,
590,11179,Pending,2008-02-11 00:00:00,2008-02-14 00:00:00
590,11180,Accepted,2008-02-15 00:00:00,
591,11181,Pending,2021-04-18 00:00:00,2021-04-20 00:00:00
591,11182,Declined,2021-04-21 00:00:00,
592,11183,Pending,2020-03-20 00:00:00,2020-03-24 00:00:00
592,11184,Declined,2020-03-25 00:00:00,
593,11185,Pending,2013-02-10 00:00:00,2013-02-14 00:00:00
593,11186,Declined,2013-02-15 00:00:00,
594,11187,Pending,2017-06-06 00:00:00,2017-06-10 00:00:00
594,11188,Accepted,2017-06-11 00:00:00,
595,11189,Pending,2020-10-07 00:00:00,2020-10-10 00:00:00
595,11190,Declined,2020-10-11 00:00:00,
596,11191,Pending,2008-12-13 00:00:00,2008-12-16 00:00:00
596,11192,Accepted,2008-12-17 00:00:00,
597,11193,Pending,2012-10-29 00:00:00,2012-10-30 00:00:00
597,11194,Declined,2012-10-31 00:00:00,
598,11195,Pending,2015-11-06 00:00:00,2015-11-08 00:00:00
598,11196,Accepted,2015-11-09 00:00:00,
599,11197,Pending,2023-10-05 00:00:00,2023-10-07 00:00:00
599,11198,Accepted,2023-10-08 00:00:00,
600,11199,Pending,2021-06-25 00:00:00,2021-06-28 00:00:00
600,11200,Accepted,2021-06-29 00:00:00,
601,11201,Pending,2008-09-02 00:00:00,2008-09-03 00:00:00
601,11202,Declined,2008-09-04 00:00:00,
602,11203,Pending,2019-02-01 00:00:00,2019-02-05 00:00:00
602,11204,Declined,2019-02-06 00:00:00,
603,11205,Pending,2009-04-29 00:00:00,2009-04-30 00:00:00
603,11206,Declined,2009-05-01 00:00:00,
604,11207,Pending,2022-06-11 00:00:00,2022-06-12 00:00:00
604,11208,Declined,2022-06-13 00:00:00,
605,11209,Pending,2023-02-19 00:00:00,2023-02-20 00:00:00
605,11210,Accepted,2023-02-21 00:00:00,
606,11211,Pending,2019-10-19 00:00:00,2019-10-20 00:00:00
606,11212,Declined,2019-10-21 00:00:00,
607,11213,Pending,2009-04-23 00:00:00,2009-04-25 00:00:00
607,11214,Declined,2009-04-26 00:00:00,
608,11215,Pending,2011-05-11 00:00:00,2011-05-13 00:00:00
608,11216,Accepted,2011-05-14 00:00:00,
609,11217,Pending,2022-08-07 00:00:00,2022-08-09 00:00:00
609,11218,Declined,2022-08-10 00:00:00,
610,11219,Pending,2009-01-26 00:00:00,2009-01-27 00:00:00
610,11220,Accepted,2009-01-28 00:00:00,
611,11221,Pending,2015-04-25 00:00:00,2015-04-26 00:00:00
611,11222,Declined,2015-04-27 00:00:00,
612,11223,Pending,2007-12-15 00:00:00,2007-12-16 00:00:00
612,11224,Accepted,2007-12-17 00:00:00,
613,11225,Pending,2021-12-13 00:00:00,2021-12-14 00:00:00
613,11226,Declined,2021-12-15 00:00:00,
614,11227,Pending,2022-01-09 00:00:00,2022-01-12 00:00:00
614,11228,Declined,2022-01-13 00:00:00,
615,11229,Pending,2006-09-19 00:00:00,2006-09-21 00:00:00
615,11230,Accepted,2006-09-22 00:00:00,
616,11231,Pending,2017-08-04 00:00:00,2017-08-07 00:00:00
616,11232,Declined,2017-08-08 00:00:00,
617,11233,Pending,2022-08-11 00:00:00,2022-08-12 00:00:00
617,11234,Accepted,2022-08-13 00:00:00,
618,11235,Pending,2024-02-23 00:00:00,2024-02-25 00:00:00
618,11236,Declined,2024-02-26 00:00:00,
619,11237,Pending,2011-06-07 00:00:00,2011-06-08 00:00:00
619,11238,Declined,2011-06-09 00:00:00,
620,11239,Pending,2014-03-31 00:00:00,2014-04-01 00:00:00
620,11240,Accepted,2014-04-02 00:00:00,
621,11241,Pending,2022-09-28 00:00:00,2022-09-29 00:00:00
621,11242,Declined,2022-09-30 00:00:00,
622,11243,Pending,2010-01-26 00:00:00,2010-01-29 00:00:00
622,11244,Accepted,2010-01-30 00:00:00,
623,11245,Pending,2013-08-03 00:00:00,2013-08-06 00:00:00
623,11246,Declined,2013-08-07 00:00:00,
624,11247,Pending,2014-02-18 00:00:00,2014-02-20 00:00:00
624,11248,Declined,2014-02-21 00:00:00,
625,11249,Pending,2023-07-27 00:00:00,2023-07-29 00:00:00
625,11250,Declined,2023-07-30 00:00:00,
626,11251,Pending,2023-10-27 00:00:00,2023-10-30 00:00:00
626,11252,Declined,2023-10-31 00:00:00,
627,11253,Pending,2022-06-18 00:00:00,2022-06-22 00:00:00
627,11254,Declined,2022-06-23 00:00:00,
628,11255,Pending,2023-04-07 00:00:00,2023-04-08 00:00:00
628,11256,Declined,2023-04-09 00:00:00,
629,11257,Pending,2017-02-07 00:00:00,2017-02-09 00:00:00
629,11258,Accepted,2017-02-10 00:00:00,
630,11259,Pending,2024-06-28 00:00:00,2024-07-02 00:00:00
630,11260,Accepted,2024-07-03 00:00:00,
631,11261,Pending,2020-04-30 00:00:00,2020-05-03 00:00:00
631,11262,Accepted,2020-05-04 00:00:00,
632,11263,Pending,2018-02-10 00:00:00,2018-02-13 00:00:00
632,11264,Accepted,2018-02-14 00:00:00,
633,11265,Pending,2017-06-09 00:00:00,2017-06-11 00:00:00
633,11266,Accepted,2017-06-12 00:00:00,
634,11267,Pending,2007-03-14 00:00:00,2007-03-17 00:00:00
634,11268,Declined,2007-03-18 00:00:00,
635,11269,Pending,2020-09-25 00:00:00,2020-09-26 00:00:00
635,11270,Declined,2020-09-27 00:00:00,
636,11271,Pending,2017-09-15 00:00:00,2017-09-17 00:00:00
636,11272,Declined,2017-09-18 00:00:00,
637,11273,Pending,2013-09-13 00:00:00,2013-09-16 00:00:00
637,11274,Accepted,2013-09-17 00:00:00,
638,11275,Pending,2024-09-13 00:00:00,2024-09-16 00:00:00
638,11276,Declined,2024-09-17 00:00:00,
639,11277,Pending,2011-05-19 00:00:00,2011-05-20 00:00:00
639,11278,Accepted,2011-05-21 00:00:00,
640,11279,Pending,2009-10-16 00:00:00,2009-10-17 00:00:00
640,11280,Declined,2009-10-18 00:00:00,
641,11281,Pending,2018-09-11 00:00:00,2018-09-13 00:00:00
641,11282,Accepted,2018-09-14 00:00:00,
642,11283,Pending,2008-03-22 00:00:00,2008-03-23 00:00:00
642,11284,Accepted,2008-03-24 00:00:00,
643,11285,Pending,2010-06-03 00:00:00,2010-06-06 00:00:00
643,11286,Declined,2010-06-07 00:00:00,
644,11287,Pending,2012-08-04 00:00:00,2012-08-06 00:00:00
644,11288,Declined,2012-08-07 00:00:00,
645,11289,Pending,2013-12-15 00:00:00,2013-12-19 00:00:00
645,11290,Accepted,2013-12-20 00:00:00,
646,11291,Pending,2007-04-27 00:00:00,2007-04-28 00:00:00
646,11292,Accepted,2007-04-29 00:00:00,
647,11293,Pending,2007-02-05 00:00:00,2007-02-09 00:00:00
647,11294,Accepted,2007-02-10 00:00:00,
648,11295,Pending,2015-07-17 00:00:00,2015-07-21 00:00:00
648,11296,Declined,2015-07-22 00:00:00,
649,11297,Pending,2018-09-06 00:00:00,2018-09-09 00:00:00
649,11298,Accepted,2018-09-10 00:00:00,
650,11299,Pending,2021-08-15 00:00:00,2021-08-16 00:00:00
650,11300,Declined,2021-08-17 00:00:00,
651,11301,Pending,2008-03-11 00:00:00,2008-03-14 00:00:00
651,11302,Declined,2008-03-15 00:00:00,
652,11303,Pending,2021-06-23 00:00:00,2021-06-26 00:00:00
652,11304,Declined,2021-06-27 00:00:00,
653,11305,Pending,2016-12-10 00:00:00,2016-12-12 00:00:00
653,11306,Accepted,2016-12-13 00:00:00,
654,11307,Pending,2006-11-05 00:00:00,2006-11-09 00:00:00
654,11308,Declined,2006-11-10 00:00:00,
655,11309,Pending,2017-11-15 00:00:00,2017-11-16 00:00:00
655,11310,Declined,2017-11-17 00:00:00,
656,11311,Pending,2012-10-25 00:00:00,2012-10-28 00:00:00
656,11312,Declined,2012-10-29 00:00:00,
657,11313,Pending,2011-06-01 00:00:00,2011-06-02 00:00:00
657,11314,Accepted,2011-06-03 00:00:00,
658,11315,Pending,2012-06-06 00:00:00,2012-06-08 00:00:00
658,11316,Declined,2012-06-09 00:00:00,
659,11317,Pending,2015-10-26 00:00:00,2015-10-28 00:00:00
659,11318,Declined,2015-10-29 00:00:00,
660,11319,Pending,2016-09-24 00:00:00,2016-09-26 00:00:00
660,11320,Accepted,2016-09-27 00:00:00,
661,11321,Pending,2023-09-07 00:00:00,2023-09-11 00:00:00
661,11322,Accepted,2023-09-12 00:00:00,
662,11323,Pending,2019-07-28 00:00:00,2019-07-29 00:00:00
662,11324,Declined,2019-07-30 00:00:00,
663,11325,Pending,2006-06-20 00:00:00,2006-06-21 00:00:00
663,11326,Accepted,2006-06-22 00:00:00,
664,11327,Pending,2019-02-28 00:00:00,2019-03-01 00:00:00
664,11328,Accepted,2019-03-02 00:00:00,
665,11329,Pending,2006-10-14 00:00:00,2006-10-16 00:00:00
665,11330,Accepted,2006-10-17 00:00:00,
666,11331,Pending,2022-01-28 00:00:00,2022-01-30 00:00:00
666,11332,Declined,2022-01-31 00:00:00,
667,11333,Pending,2014-07-06 00:00:00,2014-07-09 00:00:00
667,11334,Declined,2014-07-10 00:00:00,
668,11335,Pending,2013-12-15 00:00:00,2013-12-19 00:00:00
668,11336,Declined,2013-12-20 00:00:00,
669,11337,Pending,2022-07-27 00:00:00,2022-07-30 00:00:00
669,11338,Declined,2022-07-31 00:00:00,
670,11339,Pending,2016-12-27 00:00:00,2016-12-29 00:00:00
670,11340,Declined,2016-12-30 00:00:00,
671,11341,Pending,2006-09-26 00:00:00,2006-09-29 00:00:00
671,11342,Declined,2006-09-30 00:00:00,
672,11343,Pending,2016-06-25 00:00:00,2016-06-28 00:00:00
672,11344,Accepted,2016-06-29 00:00:00,
673,11345,Pending,2013-03-17 00:00:00,2013-03-20 00:00:00
673,11346,Accepted,2013-03-21 00:00:00,
674,11347,Pending,2009-12-01 00:00:00,2009-12-04 00:00:00
674,11348,Accepted,2009-12-05 00:00:00,
675,11349,Pending,2017-05-01 00:00:00,2017-05-05 00:00:00
675,11350,Accepted,2017-05-06 00:00:00,
676,11351,Pending,2012-11-06 00:00:00,2012-11-10 00:00:00
676,11352,Declined,2012-11-11 00:00:00,
677,11353,Pending,2020-10-05 00:00:00,2020-10-08 00:00:00
677,11354,Declined,2020-10-09 00:00:00,
678,11355,Pending,2014-08-31 00:00:00,2014-09-02 00:00:00
678,11356,Declined,2014-09-03 00:00:00,
679,11357,Pending,2007-07-24 00:00:00,2007-07-28 00:00:00
679,11358,Accepted,2007-07-29 00:00:00,
680,11359,Pending,2016-09-17 00:00:00,2016-09-21 00:00:00
680,11360,Accepted,2016-09-22 00:00:00,
681,11361,Pending,2008-02-27 00:00:00,2008-02-29 00:00:00
681,11362,Declined,2008-03-01 00:00:00,
682,11363,Pending,2024-04-21 00:00:00,2024-04-22 00:00:00
682,11364,Declined,2024-04-23 00:00:00,
683,11365,Pending,2007-09-12 00:00:00,2007-09-16 00:00:00
683,11366,Declined,2007-09-17 00:00:00,
684,11367,Pending,2022-09-25 00:00:00,2022-09-28 00:00:00
684,11368,Declined,2022-09-29 00:00:00,
685,11369,Pending,2022-05-17 00:00:00,2022-05-18 00:00:00
685,11370,Declined,2022-05-19 00:00:00,
686,11371,Pending,2010-06-23 00:00:00,2010-06-26 00:00:00
686,11372,Accepted,2010-06-27 00:00:00,
687,11373,Pending,2024-05-27 00:00:00,2024-05-31 00:00:00
687,11374,Declined,2024-06-01 00:00:00,
688,11375,Pending,2022-10-21 00:00:00,2022-10-24 00:00:00
688,11376,Accepted,2022-10-25 00:00:00,
689,11377,Pending,2016-10-28 00:00:00,2016-11-01 00:00:00
689,11378,Accepted,2016-11-02 00:00:00,
690,11379,Pending,2022-07-13 00:00:00,2022-07-15 00:00:00
690,11380,Declined,2022-07-16 00:00:00,
691,11381,Pending,2012-10-21 00:00:00,2012-10-23 00:00:00
691,11382,Declined,2012-10-24 00:00:00,
692,11383,Pending,2018-02-13 00:00:00,2018-02-16 00:00:00
692,11384,Declined,2018-02-17 00:00:00,
693,11385,Pending,2018-06-15 00:00:00,2018-06-16 00:00:00
693,11386,Declined,2018-06-17 00:00:00,
694,11387,Pending,2019-02-22 00:00:00,2019-02-23 00:00:00
694,11388,Declined,2019-02-24 00:00:00,
695,11389,Pending,2021-01-10 00:00:00,2021-01-13 00:00:00
695,11390,Accepted,2021-01-14 00:00:00,
696,11391,Pending,2024-02-14 00:00:00,2024-02-16 00:00:00
696,11392,Declined,2024-02-17 00:00:00,
697,11393,Pending,2011-03-19 00:00:00,2011-03-23 00:00:00
697,11394,Declined,2011-03-24 00:00:00,
698,11395,Pending,2023-09-17 00:00:00,2023-09-18 00:00:00
698,11396,Declined,2023-09-19 00:00:00,
699,11397,Pending,2010-06-12 00:00:00,2010-06-15 00:00:00
699,11398,Accepted,2010-06-16 00:00:00,
700,11399,Pending,2011-01-23 00:00:00,2011-01-27 00:00:00
700,11400,Accepted,2011-01-28 00:00:00,
701,11401,Pending,2012-06-27 00:00:00,2012-06-30 00:00:00
701,11402,Accepted,2012-07-01 00:00:00,
702,11403,Pending,2014-03-17 00:00:00,2014-03-18 00:00:00
702,11404,Declined,2014-03-19 00:00:00,
703,11405,Pending,2016-10-09 00:00:00,2016-10-11 00:00:00
703,11406,Declined,2016-10-12 00:00:00,
704,11407,Pending,2022-09-15 00:00:00,2022-09-17 00:00:00
704,11408,Accepted,2022-09-18 00:00:00,
705,11409,Pending,2014-08-13 00:00:00,2014-08-16 00:00:00
705,11410,Declined,2014-08-17 00:00:00,
706,11411,Pending,2014-12-28 00:00:00,2015-01-01 00:00:00
706,11412,Declined,2015-01-02 00:00:00,
707,11413,Pending,2008-12-14 00:00:00,2008-12-15 00:00:00
707,11414,Declined,2008-12-16 00:00:00,
708,11415,Pending,2023-10-24 00:00:00,2023-10-26 00:00:00
708,11416,Declined,2023-10-27 00:00:00,
709,11417,Pending,2022-08-20 00:00:00,2022-08-21 00:00:00
709,11418,Accepted,2022-08-22 00:00:00,
710,11419,Pending,2022-03-07 00:00:00,2022-03-08 00:00:00
710,11420,Accepted,2022-03-09 00:00:00,
711,11421,Pending,2021-10-30 00:00:00,2021-10-31 00:00:00
711,11422,Accepted,2021-11-01 00:00:00,
712,11423,Pending,2017-08-16 00:00:00,2017-08-19 00:00:00
712,11424,Accepted,2017-08-20 00:00:00,
713,11425,Pending,2008-10-23 00:00:00,2008-10-27 00:00:00
713,11426,Declined,2008-10-28 00:00:00,
714,11427,Pending,2010-02-06 00:00:00,2010-02-09 00:00:00
714,11428,Accepted,2010-02-10 00:00:00,
715,11429,Pending,2012-02-09 00:00:00,2012-02-11 00:00:00
715,11430,Accepted,2012-02-12 00:00:00,
716,11431,Pending,2024-07-14 00:00:00,2024-07-15 00:00:00
716,11432,Accepted,2024-07-16 00:00:00,
717,11433,Pending,2016-10-14 00:00:00,2016-10-16 00:00:00
717,11434,Declined,2016-10-17 00:00:00,
718,11435,Pending,2020-11-13 00:00:00,2020-11-17 00:00:00
718,11436,Declined,2020-11-18 00:00:00,
719,11437,Pending,2024-12-26 00:00:00,2024-12-28 00:00:00
719,11438,Accepted,2024-12-29 00:00:00,
720,11439,Pending,2015-09-18 00:00:00,2015-09-22 00:00:00
720,11440,Accepted,2015-09-23 00:00:00,
721,11441,Pending,2016-09-20 00:00:00,2016-09-21 00:00:00
721,11442,Declined,2016-09-22 00:00:00,
722,11443,Pending,2007-10-29 00:00:00,2007-11-02 00:00:00
722,11444,Accepted,2007-11-03 00:00:00,
723,11445,Pending,2015-09-02 00:00:00,2015-09-05 00:00:00
723,11446,Accepted,2015-09-06 00:00:00,
724,11447,Pending,2011-12-14 00:00:00,2011-12-18 00:00:00
724,11448,Declined,2011-12-19 00:00:00,
725,11449,Pending,2014-11-27 00:00:00,2014-11-29 00:00:00
725,11450,Declined,2014-11-30 00:00:00,
726,11451,Pending,2018-08-07 00:00:00,2018-08-11 00:00:00
726,11452,Accepted,2018-08-12 00:00:00,
727,11453,Pending,2017-05-22 00:00:00,2017-05-26 00:00:00
727,11454,Accepted,2017-05-27 00:00:00,
728,11455,Pending,2013-01-20 00:00:00,2013-01-21 00:00:00
728,11456,Accepted,2013-01-22 00:00:00,
729,11457,Pending,2020-03-10 00:00:00,2020-03-12 00:00:00
729,11458,Declined,2020-03-13 00:00:00,
730,11459,Pending,2011-04-21 00:00:00,2011-04-23 00:00:00
730,11460,Accepted,2011-04-24 00:00:00,
731,11461,Pending,2021-02-23 00:00:00,2021-02-24 00:00:00
731,11462,Accepted,2021-02-25 00:00:00,
732,11463,Pending,2024-05-18 00:00:00,2024-05-19 00:00:00
732,11464,Accepted,2024-05-20 00:00:00,
733,11465,Pending,2011-03-24 00:00:00,2011-03-27 00:00:00
733,11466,Declined,2011-03-28 00:00:00,
734,11467,Pending,2018-05-07 00:00:00,2018-05-09 00:00:00
734,11468,Declined,2018-05-10 00:00:00,
735,11469,Pending,2006-09-13 00:00:00,2006-09-17 00:00:00
735,11470,Accepted,2006-09-18 00:00:00,
736,11471,Pending,2006-03-09 00:00:00,2006-03-10 00:00:00
736,11472,Declined,2006-03-11 00:00:00,
737,11473,Pending,2017-08-26 00:00:00,2017-08-27 00:00:00
737,11474,Declined,2017-08-28 00:00:00,
738,11475,Pending,2008-12-06 00:00:00,2008-12-10 00:00:00
738,11476,Declined,2008-12-11 00:00:00,
739,11477,Pending,2011-11-24 00:00:00,2011-11-27 00:00:00
739,11478,Declined,2011-11-28 00:00:00,
740,11479,Pending,2013-03-02 00:00:00,2013-03-04 00:00:00
740,11480,Declined,2013-03-05 00:00:00,
741,11481,Pending,2008-04-24 00:00:00,2008-04-27 00:00:00
741,11482,Accepted,2008-04-28 00:00:00,
742,11483,Pending,2008-05-17 00:00:00,2008-05-19 00:00:00
742,11484,Accepted,2008-05-20 00:00:00,
743,11485,Pending,2011-11-29 00:00:00,2011-12-02 00:00:00
743,11486,Accepted,2011-12-03 00:00:00,
744,11487,Pending,2013-12-26 00:00:00,2013-12-29 00:00:00
744,11488,Accepted,2013-12-30 00:00:00,
745,11489,Pending,2007-02-10 00:00:00,2007-02-11 00:00:00
745,11490,Accepted,2007-02-12 00:00:00,
746,11491,Pending,2010-05-05 00:00:00,2010-05-06 00:00:00
746,11492,Accepted,2010-05-07 00:00:00,
747,11493,Pending,2023-02-24 00:00:00,2023-02-27 00:00:00
747,11494,Declined,2023-02-28 00:00:00,
748,11495,Pending,2021-07-19 00:00:00,2021-07-21 00:00:00
748,11496,Accepted,2021-07-22 00:00:00,
749,11497,Pending,2018-11-27 00:00:00,2018-12-01 00:00:00
749,11498,Declined,2018-12-02 00:00:00,
750,11499,Pending,2008-12-31 00:00:00,2009-01-03 00:00:00
750,11500,Accepted,2009-01-04 00:00:00,
751,11501,Pending,2006-11-02 00:00:00,2006-11-05 00:00:00
751,11502,Declined,2006-11-06 00:00:00,
752,11503,Pending,2016-02-03 00:00:00,2016-02-05 00:00:00
752,11504,Accepted,2016-02-06 00:00:00,
753,11505,Pending,2014-12-13 00:00:00,2014-12-16 00:00:00
753,11506,Accepted,2014-12-17 00:00:00,
754,11507,Pending,2014-11-21 00:00:00,2014-11-25 00:00:00
754,11508,Declined,2014-11-26 00:00:00,
755,11509,Pending,2018-11-19 00:00:00,2018-11-23 00:00:00
755,11510,Declined,2018-11-24 00:00:00,
756,11511,Pending,2018-10-01 00:00:00,2018-10-04 00:00:00
756,11512,Accepted,2018-10-05 00:00:00,
757,11513,Pending,2022-09-18 00:00:00,2022-09-19 00:00:00
757,11514,Accepted,2022-09-20 00:00:00,
758,11515,Pending,2021-03-29 00:00:00,2021-04-02 00:00:00
758,11516,Declined,2021-04-03 00:00:00,
759,11517,Pending,2021-11-09 00:00:00,2021-11-12 00:00:00
759,11518,Accepted,2021-11-13 00:00:00,
760,11519,Pending,2018-09-25 00:00:00,2018-09-29 00:00:00
760,11520,Accepted,2018-09-30 00:00:00,
761,11521,Pending,2014-08-05 00:00:00,2014-08-07 00:00:00
761,11522,Accepted,2014-08-08 00:00:00,
762,11523,Pending,2024-04-05 00:00:00,2024-04-06 00:00:00
762,11524,Accepted,2024-04-07 00:00:00,
763,11525,Pending,2013-03-06 00:00:00,2013-03-07 00:00:00
763,11526,Accepted,2013-03-08 00:00:00,
764,11527,Pending,2016-03-20 00:00:00,2016-03-23 00:00:00
764,11528,Accepted,2016-03-24 00:00:00,
765,11529,Pending,2013-09-08 00:00:00,2013-09-10 00:00:00
765,11530,Declined,2013-09-11 00:00:00,
766,11531,Pending,2016-10-09 00:00:00,2016-10-11 00:00:00
766,11532,Declined,2016-10-12 00:00:00,
767,11533,Pending,2018-11-26 00:00:00,2018-11-28 00:00:00
767,11534,Accepted,2018-11-29 00:00:00,
768,11535,Pending,2021-05-27 00:00:00,2021-05-30 00:00:00
768,11536,Declined,2021-05-31 00:00:00,
769,11537,Pending,2021-08-28 00:00:00,2021-08-29 00:00:00
769,11538,Declined,2021-08-30 00:00:00,
770,11539,Pending,2013-04-29 00:00:00,2013-05-01 00:00:00
770,11540,Accepted,2013-05-02 00:00:00,
771,11541,Pending,2013-11-25 00:00:00,2013-11-28 00:00:00
771,11542,Accepted,2013-11-29 00:00:00,
772,11543,Pending,2022-05-26 00:00:00,2022-05-30 00:00:00
772,11544,Accepted,2022-05-31 00:00:00,
773,11545,Pending,2016-10-09 00:00:00,2016-10-13 00:00:00
773,11546,Declined,2016-10-14 00:00:00,
774,11547,Pending,2021-09-23 00:00:00,2021-09-27 00:00:00
774,11548,Accepted,2021-09-28 00:00:00,
775,11549,Pending,2016-09-12 00:00:00,2016-09-13 00:00:00
775,11550,Declined,2016-09-14 00:00:00,
776,11551,Pending,2014-01-29 00:00:00,2014-01-30 00:00:00
776,11552,Accepted,2014-01-31 00:00:00,
777,11553,Pending,2013-05-07 00:00:00,2013-05-10 00:00:00
777,11554,Declined,2013-05-11 00:00:00,
778,11555,Pending,2017-12-29 00:00:00,2018-01-02 00:00:00
778,11556,Accepted,2018-01-03 00:00:00,
779,11557,Pending,2020-06-18 00:00:00,2020-06-20 00:00:00
779,11558,Accepted,2020-06-21 00:00:00,
780,11559,Pending,2010-06-05 00:00:00,2010-06-08 00:00:00
780,11560,Accepted,2010-06-09 00:00:00,
781,11561,Pending,2010-09-23 00:00:00,2010-09-26 00:00:00
781,11562,Declined,2010-09-27 00:00:00,
782,11563,Pending,2010-08-13 00:00:00,2010-08-17 00:00:00
782,11564,Declined,2010-08-18 00:00:00,
783,11565,Pending,2020-05-11 00:00:00,2020-05-14 00:00:00
783,11566,Accepted,2020-05-15 00:00:00,
784,11567,Pending,2021-11-06 00:00:00,2021-11-07 00:00:00
784,11568,Declined,2021-11-08 00:00:00,
785,11569,Pending,2010-12-08 00:00:00,2010-12-11 00:00:00
785,11570,Declined,2010-12-12 00:00:00,
786,11571,Pending,2013-12-03 00:00:00,2013-12-05 00:00:00
786,11572,Declined,2013-12-06 00:00:00,
787,11573,Pending,2020-11-29 00:00:00,2020-12-01 00:00:00
787,11574,Declined,2020-12-02 00:00:00,
788,11575,Pending,2021-07-02 00:00:00,2021-07-06 00:00:00
788,11576,Accepted,2021-07-07 00:00:00,
789,11577,Pending,2016-01-11 00:00:00,2016-01-14 00:00:00
789,11578,Declined,2016-01-15 00:00:00,
790,11579,Pending,2008-04-18 00:00:00,2008-04-20 00:00:00
790,11580,Accepted,2008-04-21 00:00:00,
791,11581,Pending,2014-11-28 00:00:00,2014-12-02 00:00:00
791,11582,Declined,2014-12-03 00:00:00,
792,11583,Pending,2015-02-06 00:00:00,2015-02-07 00:00:00
792,11584,Declined,2015-02-08 00:00:00,
793,11585,Pending,2017-06-04 00:00:00,2017-06-06 00:00:00
793,11586,Declined,2017-06-07 00:00:00,
794,11587,Pending,2019-02-13 00:00:00,2019-02-14 00:00:00
794,11588,Accepted,2019-02-15 00:00:00,
795,11589,Pending,2008-06-15 00:00:00,2008-06-18 00:00:00
795,11590,Declined,2008-06-19 00:00:00,
796,11591,Pending,2010-09-24 00:00:00,2010-09-28 00:00:00
796,11592,Accepted,2010-09-29 00:00:00,
797,11593,Pending,2023-07-16 00:00:00,2023-07-20 00:00:00
797,11594,Declined,2023-07-21 00:00:00,
798,11595,Pending,2018-11-12 00:00:00,2018-11-16 00:00:00
798,11596,Declined,2018-11-17 00:00:00,
799,11597,Pending,2021-10-03 00:00:00,2021-10-07 00:00:00
799,11598,Accepted,2021-10-08 00:00:00,
800,11599,Pending,2018-12-31 00:00:00,2019-01-04 00:00:00
800,11600,Accepted,2019-01-05 00:00:00,
801,11601,Pending,2010-03-30 00:00:00,2010-04-03 00:00:00
801,11602,Accepted,2010-04-04 00:00:00,
802,11603,Pending,2015-03-15 00:00:00,2015-03-17 00:00:00
802,11604,Accepted,2015-03-18 00:00:00,
803,11605,Pending,2018-04-11 00:00:00,2018-04-15 00:00:00
803,11606,Accepted,2018-04-16 00:00:00,
804,11607,Pending,2007-05-03 00:00:00,2007-05-05 00:00:00
804,11608,Accepted,2007-05-06 00:00:00,
805,11609,Pending,2010-11-22 00:00:00,2010-11-24 00:00:00
805,11610,Accepted,2010-11-25 00:00:00,
806,11611,Pending,2013-08-11 00:00:00,2013-08-12 00:00:00
806,11612,Declined,2013-08-13 00:00:00,
807,11613,Pending,2018-09-03 00:00:00,2018-09-07 00:00:00
807,11614,Accepted,2018-09-08 00:00:00,
808,11615,Pending,2009-06-26 00:00:00,2009-06-28 00:00:00
808,11616,Accepted,2009-06-29 00:00:00,
809,11617,Pending,2014-07-13 00:00:00,2014-07-16 00:00:00
809,11618,Accepted,2014-07-17 00:00:00,
810,11619,Pending,2008-04-07 00:00:00,2008-04-09 00:00:00
810,11620,Accepted,2008-04-10 00:00:00,
811,11621,Pending,2010-05-29 00:00:00,2010-05-30 00:00:00
811,11622,Declined,2010-05-31 00:00:00,
812,11623,Pending,2006-01-31 00:00:00,2006-02-02 00:00:00
812,11624,Declined,2006-02-03 00:00:00,
813,11625,Pending,2011-11-27 00:00:00,2011-11-29 00:00:00
813,11626,Accepted,2011-11-30 00:00:00,
814,11627,Pending,2009-11-27 00:00:00,2009-11-28 00:00:00
814,11628,Accepted,2009-11-29 00:00:00,
815,11629,Pending,2008-12-22 00:00:00,2008-12-25 00:00:00
815,11630,Declined,2008-12-26 00:00:00,
816,11631,Pending,2007-05-04 00:00:00,2007-05-07 00:00:00
816,11632,Accepted,2007-05-08 00:00:00,
817,11633,Pending,2006-05-16 00:00:00,2006-05-20 00:00:00
817,11634,Accepted,2006-05-21 00:00:00,
818,11635,Pending,2021-10-19 00:00:00,2021-10-20 00:00:00
818,11636,Accepted,2021-10-21 00:00:00,
819,11637,Pending,2012-07-22 00:00:00,2012-07-23 00:00:00
819,11638,Accepted,2012-07-24 00:00:00,
820,11639,Pending,2013-12-15 00:00:00,2013-12-16 00:00:00
820,11640,Declined,2013-12-17 00:00:00,
821,11641,Pending,2013-10-09 00:00:00,2013-10-13 00:00:00
821,11642,Accepted,2013-10-14 00:00:00,
822,11643,Pending,2020-03-13 00:00:00,2020-03-14 00:00:00
822,11644,Declined,2020-03-15 00:00:00,
823,11645,Pending,2021-06-05 00:00:00,2021-06-06 00:00:00
823,11646,Accepted,2021-06-07 00:00:00,
824,11647,Pending,2014-06-28 00:00:00,2014-07-01 00:00:00
824,11648,Declined,2014-07-02 00:00:00,
825,11649,Pending,2018-02-11 00:00:00,2018-02-12 00:00:00
825,11650,Declined,2018-02-13 00:00:00,
826,11651,Pending,2021-11-06 00:00:00,2021-11-09 00:00:00
826,11652,Declined,2021-11-10 00:00:00,
827,11653,Pending,2009-06-28 00:00:00,2009-06-30 00:00:00
827,11654,Accepted,2009-07-01 00:00:00,
828,11655,Pending,2012-04-20 00:00:00,2012-04-22 00:00:00
828,11656,Accepted,2012-04-23 00:00:00,
829,11657,Pending,2011-07-01 00:00:00,2011-07-03 00:00:00
829,11658,Accepted,2011-07-04 00:00:00,
830,11659,Pending,2016-12-28 00:00:00,2016-12-29 00:00:00
830,11660,Declined,2016-12-30 00:00:00,
831,11661,Pending,2007-07-29 00:00:00,2007-08-01 00:00:00
831,11662,Accepted,2007-08-02 00:00:00,
832,11663,Pending,2022-04-30 00:00:00,2022-05-04 00:00:00
832,11664,Accepted,2022-05-05 00:00:00,
833,11665,Pending,2020-05-04 00:00:00,2020-05-07 00:00:00
833,11666,Declined,2020-05-08 00:00:00,
834,11667,Pending,2007-03-08 00:00:00,2007-03-12 00:00:00
834,11668,Accepted,2007-03-13 00:00:00,
835,11669,Pending,2020-11-04 00:00:00,2020-11-07 00:00:00
835,11670,Declined,2020-11-08 00:00:00,
836,11671,Pending,2017-03-26 00:00:00,2017-03-28 00:00:00
836,11672,Accepted,2017-03-29 00:00:00,
837,11673,Pending,2006-06-14 00:00:00,2006-06-18 00:00:00
837,11674,Accepted,2006-06-19 00:00:00,
838,11675,Pending,2020-02-18 00:00:00,2020-02-19 00:00:00
838,11676,Accepted,2020-02-20 00:00:00,
839,11677,Pending,2011-09-16 00:00:00,2011-09-19 00:00:00
839,11678,Accepted,2011-09-20 00:00:00,
840,11679,Pending,2017-06-17 00:00:00,2017-06-19 00:00:00
840,11680,Declined,2017-06-20 00:00:00,
841,11681,Pending,2009-02-17 00:00:00,2009-02-21 00:00:00
841,11682,Declined,2009-02-22 00:00:00,
842,11683,Pending,2022-04-25 00:00:00,2022-04-26 00:00:00
842,11684,Accepted,2022-04-27 00:00:00,
843,11685,Pending,2017-09-12 00:00:00,2017-09-15 00:00:00
843,11686,Accepted,2017-09-16 00:00:00,
844,11687,Pending,2014-05-26 00:00:00,2014-05-30 00:00:00
844,11688,Accepted,2014-05-31 00:00:00,
845,11689,Pending,2012-08-09 00:00:00,2012-08-10 00:00:00
845,11690,Declined,2012-08-11 00:00:00,
846,11691,Pending,2008-05-27 00:00:00,2008-05-29 00:00:00
846,11692,Declined,2008-05-30 00:00:00,
847,11693,Pending,2009-12-22 00:00:00,2009-12-26 00:00:00
847,11694,Accepted,2009-12-27 00:00:00,
848,11695,Pending,2015-12-26 00:00:00,2015-12-27 00:00:00
848,11696,Declined,2015-12-28 00:00:00,
849,11697,Pending,2009-01-27 00:00:00,2009-01-28 00:00:00
849,11698,Accepted,2009-01-29 00:00:00,
850,11699,Pending,2009-03-09 00:00:00,2009-03-10 00:00:00
850,11700,Declined,2009-03-11 00:00:00,
851,11701,Pending,2024-04-20 00:00:00,2024-04-21 00:00:00
851,11702,Declined,2024-04-22 00:00:00,
852,11703,Pending,2018-03-21 00:00:00,2018-03-24 00:00:00
852,11704,Accepted,2018-03-25 00:00:00,
853,11705,Pending,2021-07-21 00:00:00,2021-07-24 00:00:00
853,11706,Declined,2021-07-25 00:00:00,
854,11707,Pending,2012-08-27 00:00:00,2012-08-30 00:00:00
854,11708,Declined,2012-08-31 00:00:00,
855,11709,Pending,2016-09-11 00:00:00,2016-09-15 00:00:00
855,11710,Declined,2016-09-16 00:00:00,
856,11711,Pending,2007-12-25 00:00:00,2007-12-26 00:00:00
856,11712,Accepted,2007-12-27 00:00:00,
857,11713,Pending,2012-02-22 00:00:00,2012-02-23 00:00:00
857,11714,Accepted,2012-02-24 00:00:00,
858,11715,Pending,2024-10-28 00:00:00,2024-10-30 00:00:00
858,11716,Declined,2024-10-31 00:00:00,
859,11717,Pending,2007-02-28 00:00:00,2007-03-04 00:00:00
859,11718,Accepted,2007-03-05 00:00:00,
860,11719,Pending,2011-10-26 00:00:00,2011-10-28 00:00:00
860,11720,Accepted,2011-10-29 00:00:00,
861,11721,Pending,2009-03-23 00:00:00,2009-03-25 00:00:00
861,11722,Accepted,2009-03-26 00:00:00,
862,11723,Pending,2024-11-20 00:00:00,2024-11-23 00:00:00
862,11724,Declined,2024-11-24 00:00:00,
863,11725,Pending,2008-10-21 00:00:00,2008-10-23 00:00:00
863,11726,Declined,2008-10-24 00:00:00,
864,11727,Pending,2018-12-06 00:00:00,2018-12-10 00:00:00
864,11728,Accepted,2018-12-11 00:00:00,
865,11729,Pending,2007-10-18 00:00:00,2007-10-20 00:00:00
865,11730,Declined,2007-10-21 00:00:00,
866,11731,Pending,2016-03-10 00:00:00,2016-03-12 00:00:00
866,11732,Accepted,2016-03-13 00:00:00,
867,11733,Pending,2013-03-15 00:00:00,2013-03-18 00:00:00
867,11734,Declined,2013-03-19 00:00:00,
868,11735,Pending,2011-01-11 00:00:00,2011-01-12 00:00:00
868,11736,Declined,2011-01-13 00:00:00,
869,11737,Pending,2011-04-11 00:00:00,2011-04-12 00:00:00
869,11738,Accepted,2011-04-13 00:00:00,
870,11739,Pending,2021-09-09 00:00:00,2021-09-12 00:00:00
870,11740,Accepted,2021-09-13 00:00:00,
871,11741,Pending,2019-08-10 00:00:00,2019-08-14 00:00:00
871,11742,Declined,2019-08-15 00:00:00,
872,11743,Pending,2017-07-24 00:00:00,2017-07-26 00:00:00
872,11744,Accepted,2017-07-27 00:00:00,
873,11745,Pending,2008-03-16 00:00:00,2008-03-18 00:00:00
873,11746,Declined,2008-03-19 00:00:00,
874,11747,Pending,2020-04-06 00:00:00,2020-04-10 00:00:00
874,11748,Accepted,2020-04-11 00:00:00,
875,11749,Pending,2008-06-30 00:00:00,2008-07-03 00:00:00
875,11750,Accepted,2008-07-04 00:00:00,
876,11751,Pending,2009-06-10 00:00:00,2009-06-14 00:00:00
876,11752,Declined,2009-06-15 00:00:00,
877,11753,Pending,2023-09-02 00:00:00,2023-09-04 00:00:00
877,11754,Accepted,2023-09-05 00:00:00,
878,11755,Pending,2009-12-12 00:00:00,2009-12-13 00:00:00
878,11756,Declined,2009-12-14 00:00:00,
879,11757,Pending,2022-02-18 00:00:00,2022-02-19 00:00:00
879,11758,Accepted,2022-02-20 00:00:00,
880,11759,Pending,2006-04-16 00:00:00,2006-04-19 00:00:00
880,11760,Accepted,2006-04-20 00:00:00,
881,11761,Pending,2013-09-07 00:00:00,2013-09-11 00:00:00
881,11762,Accepted,2013-09-12 00:00:00,
882,11763,Pending,2015-10-08 00:00:00,2015-10-11 00:00:00
882,11764,Accepted,2015-10-12 00:00:00,
883,11765,Pending,2024-12-24 00:00:00,2024-12-25 00:00:00
883,11766,Declined,2024-12-26 00:00:00,
884,11767,Pending,2019-01-04 00:00:00,2019-01-06 00:00:00
884,11768,Accepted,2019-01-07 00:00:00,
885,11769,Pending,2022-06-25 00:00:00,2022-06-28 00:00:00
885,11770,Accepted,2022-06-29 00:00:00,
886,11771,Pending,2012-04-24 00:00:00,2012-04-27 00:00:00
886,11772,Accepted,2012-04-28 00:00:00,
887,11773,Pending,2023-05-03 00:00:00,2023-05-04 00:00:00
887,11774,Declined,2023-05-05 00:00:00,
888,11775,Pending,2015-08-09 00:00:00,2015-08-12 00:00:00
888,11776,Declined,2015-08-13 00:00:00,
889,11777,Pending,2018-07-29 00:00:00,2018-07-31 00:00:00
889,11778,Accepted,2018-08-01 00:00:00,
890,11779,Pending,2007-12-22 00:00:00,2007-12-26 00:00:00
890,11780,Declined,2007-12-27 00:00:00,
891,11781,Pending,2010-01-21 00:00:00,2010-01-23 00:00:00
891,11782,Declined,2010-01-24 00:00:00,
892,11783,Pending,2016-09-03 00:00:00,2016-09-07 00:00:00
892,11784,Declined,2016-09-08 00:00:00,
893,11785,Pending,2014-01-16 00:00:00,2014-01-19 00:00:00
893,11786,Declined,2014-01-20 00:00:00,
894,11787,Pending,2016-01-08 00:00:00,2016-01-12 00:00:00
894,11788,Declined,2016-01-13 00:00:00,
895,11789,Pending,2020-08-24 00:00:00,2020-08-25 00:00:00
895,11790,Declined,2020-08-26 00:00:00,
896,11791,Pending,2009-01-18 00:00:00,2009-01-19 00:00:00
896,11792,Declined,2009-01-20 00:00:00,
897,11793,Pending,2006-08-22 00:00:00,2006-08-25 00:00:00
897,11794,Accepted,2006-08-26 00:00:00,
898,11795,Pending,2012-05-15 00:00:00,2012-05-19 00:00:00
898,11796,Declined,2012-05-20 00:00:00,
899,11797,Pending,2008-04-06 00:00:00,2008-04-09 00:00:00
899,11798,Declined,2008-04-10 00:00:00,
900,11799,Pending,2020-05-22 00:00:00,2020-05-25 00:00:00
900,11800,Accepted,2020-05-26 00:00:00,
901,11801,Pending,2021-01-03 00:00:00,2021-01-06 00:00:00
901,11802,Accepted,2021-01-07 00:00:00,
902,11803,Pending,2010-05-07 00:00:00,2010-05-10 00:00:00
902,11804,Declined,2010-05-11 00:00:00,
903,11805,Pending,2006-12-21 00:00:00,2006-12-22 00:00:00
903,11806,Accepted,2006-12-23 00:00:00,
904,11807,Pending,2016-01-25 00:00:00,2016-01-29 00:00:00
904,11808,Accepted,2016-01-30 00:00:00,
905,11809,Pending,2014-12-23 00:00:00,2014-12-27 00:00:00
905,11810,Declined,2014-12-28 00:00:00,
906,11811,Pending,2009-12-09 00:00:00,2009-12-11 00:00:00
906,11812,Accepted,2009-12-12 00:00:00,
907,11813,Pending,2013-08-01 00:00:00,2013-08-04 00:00:00
907,11814,Accepted,2013-08-05 00:00:00,
908,11815,Pending,2008-11-19 00:00:00,2008-11-23 00:00:00
908,11816,Accepted,2008-11-24 00:00:00,
909,11817,Pending,2020-02-25 00:00:00,2020-02-27 00:00:00
909,11818,Accepted,2020-02-28 00:00:00,
910,11819,Pending,2021-12-21 00:00:00,2021-12-23 00:00:00
910,11820,Accepted,2021-12-24 00:00:00,
911,11821,Pending,2022-12-14 00:00:00,2022-12-17 00:00:00
911,11822,Accepted,2022-12-18 00:00:00,
912,11823,Pending,2018-12-09 00:00:00,2018-12-13 00:00:00
912,11824,Declined,2018-12-14 00:00:00,
913,11825,Pending,2019-11-25 00:00:00,2019-11-26 00:00:00
913,11826,Accepted,2019-11-27 00:00:00,
914,11827,Pending,2015-07-18 00:00:00,2015-07-20 00:00:00
914,11828,Declined,2015-07-21 00:00:00,
915,11829,Pending,2020-01-14 00:00:00,2020-01-16 00:00:00
915,11830,Accepted,2020-01-17 00:00:00,
916,11831,Pending,2014-01-13 00:00:00,2014-01-15 00:00:00
916,11832,Accepted,2014-01-16 00:00:00,
917,11833,Pending,2012-02-25 00:00:00,2012-02-29 00:00:00
917,11834,Accepted,2012-03-01 00:00:00,
918,11835,Pending,2017-11-19 00:00:00,2017-11-23 00:00:00
918,11836,Declined,2017-11-24 00:00:00,
919,11837,Pending,2011-07-05 00:00:00,2011-07-07 00:00:00
919,11838,Declined,2011-07-08 00:00:00,
920,11839,Pending,2022-08-31 00:00:00,2022-09-04 00:00:00
920,11840,Accepted,2022-09-05 00:00:00,
921,11841,Pending,2015-02-01 00:00:00,2015-02-03 00:00:00
921,11842,Declined,2015-02-04 00:00:00,
922,11843,Pending,2009-11-06 00:00:00,2009-11-10 00:00:00
922,11844,Accepted,2009-11-11 00:00:00,
923,11845,Pending,2019-06-30 00:00:00,2019-07-02 00:00:00
923,11846,Accepted,2019-07-03 00:00:00,
924,11847,Pending,2019-05-18 00:00:00,2019-05-22 00:00:00
924,11848,Declined,2019-05-23 00:00:00,
925,11849,Pending,2007-08-06 00:00:00,2007-08-07 00:00:00
925,11850,Declined,2007-08-08 00:00:00,
926,11851,Pending,2023-05-11 00:00:00,2023-05-14 00:00:00
926,11852,Accepted,2023-05-15 00:00:00,
927,11853,Pending,2007-08-24 00:00:00,2007-08-26 00:00:00
927,11854,Accepted,2007-08-27 00:00:00,
928,11855,Pending,2014-03-22 00:00:00,2014-03-26 00:00:00
928,11856,Declined,2014-03-27 00:00:00,
929,11857,Pending,2018-02-08 00:00:00,2018-02-09 00:00:00
929,11858,Accepted,2018-02-10 00:00:00,
930,11859,Pending,2012-11-18 00:00:00,2012-11-21 00:00:00
930,11860,Accepted,2012-11-22 00:00:00,
931,11861,Pending,2015-11-30 00:00:00,2015-12-02 00:00:00
931,11862,Declined,2015-12-03 00:00:00,
932,11863,Pending,2023-01-15 00:00:00,2023-01-18 00:00:00
932,11864,Declined,2023-01-19 00:00:00,
933,11865,Pending,2022-08-23 00:00:00,2022-08-27 00:00:00
933,11866,Declined,2022-08-28 00:00:00,
934,11867,Pending,2021-10-19 00:00:00,2021-10-21 00:00:00
934,11868,Accepted,2021-10-22 00:00:00,
935,11869,Pending,2018-03-25 00:00:00,2018-03-26 00:00:00
935,11870,Declined,2018-03-27 00:00:00,
936,11871,Pending,2024-09-27 00:00:00,2024-09-30 00:00:00
936,11872,Accepted,2024-10-01 00:00:00,
937,11873,Pending,2017-10-09 00:00:00,2017-10-12 00:00:00
937,11874,Declined,2017-10-13 00:00:00,
938,11875,Pending,2009-06-15 00:00:00,2009-06-17 00:00:00
938,11876,Declined,2009-06-18 00:00:00,
939,11877,Pending,2017-06-02 00:00:00,2017-06-03 00:00:00
939,11878,Declined,2017-06-04 00:00:00,
940,11879,Pending,2022-07-04 00:00:00,2022-07-08 00:00:00
940,11880,Accepted,2022-07-09 00:00:00,
941,11881,Pending,2017-02-01 00:00:00,2017-02-03 00:00:00
941,11882,Declined,2017-02-04 00:00:00,
942,11883,Pending,2015-08-02 00:00:00,2015-08-03 00:00:00
942,11884,Accepted,2015-08-04 00:00:00,
943,11885,Pending,2007-04-05 00:00:00,2007-04-06 00:00:00
943,11886,Declined,2007-04-07 00:00:00,
944,11887,Pending,2011-05-25 00:00:00,2011-05-27 00:00:00
944,11888,Declined,2011-05-28 00:00:00,
945,11889,Pending,2019-06-15 00:00:00,2019-06-18 00:00:00
945,11890,Accepted,2019-06-19 00:00:00,
946,11891,Pending,2022-06-27 00:00:00,2022-06-29 00:00:00
946,11892,Declined,2022-06-30 00:00:00,
947,11893,Pending,2008-02-01 00:00:00,2008-02-02 00:00:00
947,11894,Accepted,2008-02-03 00:00:00,
948,11895,Pending,2007-12-11 00:00:00,2007-12-12 00:00:00
948,11896,Accepted,2007-12-13 00:00:00,
949,11897,Pending,2020-08-07 00:00:00,2020-08-09 00:00:00
949,11898,Accepted,2020-08-10 00:00:00,
950,11899,Pending,2008-01-15 00:00:00,2008-01-19 00:00:00
950,11900,Declined,2008-01-20 00:00:00,
951,11901,Pending,2011-12-12 00:00:00,2011-12-16 00:00:00
951,11902,Accepted,2011-12-17 00:00:00,
952,11903,Pending,2018-06-27 00:00:00,2018-06-28 00:00:00
952,11904,Accepted,2018-06-29 00:00:00,
953,11905,Pending,2021-10-29 00:00:00,2021-11-01 00:00:00
953,11906,Declined,2021-11-02 00:00:00,
954,11907,Pending,2024-04-16 00:00:00,2024-04-17 00:00:00
954,11908,Accepted,2024-04-18 00:00:00,
955,11909,Pending,2024-07-30 00:00:00,2024-08-01 00:00:00
955,11910,Accepted,2024-08-02 00:00:00,
956,11911,Pending,2007-08-29 00:00:00,2007-09-02 00:00:00
956,11912,Declined,2007-09-03 00:00:00,
957,11913,Pending,2012-07-11 00:00:00,2012-07-13 00:00:00
957,11914,Declined,2012-07-14 00:00:00,
958,11915,Pending,2010-06-14 00:00:00,2010-06-18 00:00:00
958,11916,Declined,2010-06-19 00:00:00,
959,11917,Pending,2008-06-16 00:00:00,2008-06-20 00:00:00
959,11918,Declined,2008-06-21 00:00:00,
960,11919,Pending,2011-10-13 00:00:00,2011-10-16 00:00:00
960,11920,Accepted,2011-10-17 00:00:00,
961,11921,Pending,2010-04-05 00:00:00,2010-04-08 00:00:00
961,11922,Accepted,2010-04-09 00:00:00,
962,11923,Pending,2020-06-26 00:00:00,2020-06-30 00:00:00
962,11924,Accepted,2020-07-01 00:00:00,
963,11925,Pending,2014-03-19 00:00:00,2014-03-21 00:00:00
963,11926,Accepted,2014-03-22 00:00:00,
964,11927,Pending,2022-05-26 00:00:00,2022-05-27 00:00:00
964,11928,Accepted,2022-05-28 00:00:00,
965,11929,Pending,2021-02-01 00:00:00,2021-02-05 00:00:00
965,11930,Accepted,2021-02-06 00:00:00,
966,11931,Pending,2011-10-17 00:00:00,2011-10-21 00:00:00
966,11932,Declined,2011-10-22 00:00:00,
967,11933,Pending,2020-05-15 00:00:00,2020-05-16 00:00:00
967,11934,Accepted,2020-05-17 00:00:00,
968,11935,Pending,2012-08-22 00:00:00,2012-08-25 00:00:00
968,11936,Declined,2012-08-26 00:00:00,
969,11937,Pending,2018-04-02 00:00:00,2018-04-05 00:00:00
969,11938,Declined,2018-04-06 00:00:00,
970,11939,Pending,2023-08-12 00:00:00,2023-08-14 00:00:00
970,11940,Accepted,2023-08-15 00:00:00,
971,11941,Pending,2007-06-29 00:00:00,2007-07-02 00:00:00
971,11942,Declined,2007-07-03 00:00:00,
972,11943,Pending,2018-10-03 00:00:00,2018-10-05 00:00:00
972,11944,Declined,2018-10-06 00:00:00,
973,11945,Pending,2012-07-09 00:00:00,2012-07-10 00:00:00
973,11946,Declined,2012-07-11 00:00:00,
974,11947,Pending,2015-08-18 00:00:00,2015-08-19 00:00:00
974,11948,Declined,2015-08-20 00:00:00,
975,11949,Pending,2013-01-03 00:00:00,2013-01-07 00:00:00
975,11950,Accepted,2013-01-08 00:00:00,
976,11951,Pending,2013-07-09 00:00:00,2013-07-13 00:00:00
976,11952,Accepted,2013-07-14 00:00:00,
977,11953,Pending,2009-08-22 00:00:00,2009-08-25 00:00:00
977,11954,Declined,2009-08-26 00:00:00,
978,11955,Pending,2010-09-16 00:00:00,2010-09-19 00:00:00
978,11956,Accepted,2010-09-20 00:00:00,
979,11957,Pending,2017-01-27 00:00:00,2017-01-29 00:00:00
979,11958,Accepted,2017-01-30 00:00:00,
980,11959,Pending,2015-10-16 00:00:00,2015-10-17 00:00:00
980,11960,Accepted,2015-10-18 00:00:00,
981,11961,Pending,2020-02-20 00:00:00,2020-02-22 00:00:00
981,11962,Accepted,2020-02-23 00:00:00,
982,11963,Pending,2011-03-31 00:00:00,2011-04-02 00:00:00
982,11964,Declined,2011-04-03 00:00:00,
983,11965,Pending,2012-01-22 00:00:00,2012-01-23 00:00:00
983,11966,Accepted,2012-01-24 00:00:00,
984,11967,Pending,2011-02-21 00:00:00,2011-02-22 00:00:00
984,11968,Declined,2011-02-23 00:00:00,
985,11969,Pending,2014-02-09 00:00:00,2014-02-10 00:00:00
985,11970,Accepted,2014-02-11 00:00:00,
986,11971,Pending,2006-12-28 00:00:00,2006-12-29 00:00:00
986,11972,Accepted,2006-12-30 00:00:00,
987,11973,Pending,2010-02-24 00:00:00,2010-02-27 00:00:00
987,11974,Declined,2010-02-28 00:00:00,
988,11975,Pending,2013-08-30 00:00:00,2013-09-01 00:00:00
988,11976,Accepted,2013-09-02 00:00:00,
989,11977,Pending,2018-11-09 00:00:00,2018-11-12 00:00:00
989,11978,Accepted,2018-11-13 00:00:00,
990,11979,Pending,2011-08-04 00:00:00,2011-08-07 00:00:00
990,11980,Declined,2011-08-08 00:00:00,
991,11981,Pending,2015-07-17 00:00:00,2015-07-18 00:00:00
991,11982,Declined,2015-07-19 00:00:00,
992,11983,Pending,2024-02-15 00:00:00,2024-02-19 00:00:00
992,11984,Accepted,2024-02-20 00:00:00,
993,11985,Pending,2024-05-03 00:00:00,2024-05-05 00:00:00
993,11986,Declined,2024-05-06 00:00:00,
994,11987,Pending,2007-06-05 00:00:00,2007-06-07 00:00:00
994,11988,Declined,2007-06-08 00:00:00,
995,11989,Pending,2006-02-01 00:00:00,2006-02-04 00:00:00
995,11990,Accepted,2006-02-05 00:00:00,
996,11991,Pending,2016-03-03 00:00:00,2016-03-07 00:00:00
996,11992,Accepted,2016-03-08 00:00:00,
997,11993,Pending,2024-07-19 00:00:00,2024-07-22 00:00:00
997,11994,Accepted,2024-07-23 00:00:00,
998,11995,Pending,2012-11-17 00:00:00,2012-11-18 00:00:00
998,11996,Accepted,2012-11-19 00:00:00,
999,11997,Pending,2023-08-20 00:00:00,2023-08-22 00:00:00
999,11998,Accepted,2023-08-23 00:00:00,
1000,11999,Pending,2020-11-15 00:00:00,2020-11-18 00:00:00
1000,12000,Accepted,2020-11-19 00:00:00,
